sequence	accession	unique	database	database_version	search_engine	best_search_engine_score[1]	search_engine_score[1]_ms_run[1]	modifications	retention_time	retention_time_window	charge	mass_to_charge	spectra_ref	peptide_abundance_study_variable[1]	peptide_abundance_stdev_study_variable[1]	peptide_abundance_std_error_study_variable[1]	peptide_abundance_study_variable[2]	peptide_abundance_stdev_study_variable[2]	peptide_abundance_std_error_study_variable[2]	peptide_abundance_study_variable[3]	peptide_abundance_stdev_study_variable[3]	peptide_abundance_std_error_study_variable[3]	peptide_abundance_study_variable[4]	peptide_abundance_stdev_study_variable[4]	peptide_abundance_std_error_study_variable[4]	opt_global_modified_sequence	opt_global_feature_id	opt_global_AssumedDissociationMethod	opt_global_IsotopeError	opt_global_MS:1002049	opt_global_MS:1002050	opt_global_MS:1002052	opt_global_MS:1002053	opt_global_SpecEValue_score	opt_global_calcMZ	opt_global_end	opt_global_pass_threshold	opt_global_protein_references	opt_global_start	opt_global_target_decoy	gene	intensity
FNYNSVMQVPRVE	P62399	1	NA	NA	NA	0	0	0-UniMod:1	3532.41901014904	NA	2	812.893009629837	NA	2330970112	NA	NA	2457870080	NA	NA	633072000	NA	NA	2648969984	NA	NA	.(Acetyl)FNYNSVMQVPRVE	12328144226588358656	HCD	0	152	156	1.7820518e-17	5.1705966e-11	1.7820518e-17	812.89306640625	32	1	unique	20	target	RL5_ECOLI	2017720544
YILAGVENSK	Biognosys_pep-d	1	NA	NA	NA	0	0	NA	1353.29055527816	NA	2	547.298773593889	NA	18986199040	NA	NA	20174600192	NA	NA	23082799104	NA	NA	23526899712	NA	NA	YILAGVENSK	1578377618571400448	HCD	0	143	143	2.3849902e-12	6.8977515e-06	2.3849902e-12	547.298034667969	10	1	unique	1	target	iRT-Kit_WR_fusion	21442624512
VVNALKRLDE	P0A9W3	1	NA	NA	NA	0	0	0-UniMod:1,6-UniMod:1	3499.99478744643	NA	2	620.848521058934	NA	539979008	NA	NA	605532992	NA	NA	152083008	NA	NA	33959300	NA	NA	.(Acetyl)VVNALK(Acetyl)RLDE	10923602214130487296	HCD	0	133	139	6.120399e-12	1.7701119e-05	6.120399e-12	620.848449707031	106	1	unique	97	target	ETTA_ECOLI	332888577
KVAQAKSPHVAALGSE	P0A9J8	1	NA	NA	NA	0	0	0-UniMod:1,1-UniMod:1,6-UniMod:1	2450.33176565874	NA	2	859.957394326754	NA	250719008	NA	NA	222018000	NA	NA	86865696	NA	NA	230650000	NA	NA	.(Acetyl)K(Acetyl)VAQAK(Acetyl)SPHVAALGSE	7708189278651748352	HCD	0	157	170	4.7300133e-17	1.3753568e-10	4.7300133e-17	859.957214355469	255	1	unique	240	target	PHEA_ECOLI	197563176
RTDRVMNSRLE	P0AD61	1	NA	NA	NA	0	0	0-UniMod:1	1057.80339899834	NA	3	473.577066362747	NA	1682450048	NA	NA	2045959936	NA	NA	721491968	NA	NA	2440250112	NA	NA	.(Acetyl)RTDRVMNSRLE	6185753056012821504	HCD	0	111	111	2.1550466e-14	6.240558e-08	2.1550466e-14	473.577117919922	344	1	unique	334	target	KPYK1_ECOLI	1722538016
DLLASGRGE	P0A6Q3	1	NA	NA	NA	0	0	0-UniMod:1	1746.41184394432	NA	2	480.243398572938	NA	962828992	NA	NA	1135110016	NA	NA	426136992	NA	NA	1123939968	NA	NA	.(Acetyl)DLLASGRGE	15798204928451557376	HCD	0	73	83	3.0552256e-09	0.008822547	3.0552256e-09	480.243255615234	20	1	unique	12	target	FABA_ECOLI	912003992
ANVGKPQVAYRE	P0A6M8	1	NA	NA	NA	0	0	0-UniMod:1,5-UniMod:1	2029.78369480767	NA	2	708.367400792763	NA	2467279872	NA	NA	3501430016	NA	NA	1256019968	NA	NA	2802520064	NA	NA	.(Acetyl)ANVGK(Acetyl)PQVAYRE	5973774041358160896	HCD	0	125	137	7.380144e-14	2.1393856e-07	7.380144e-14	708.367553710938	492	1	unique	481	target	EFG_ECOLI	2506812480
VTVVRDE	P0A705	1	NA	NA	NA	0	0	0-UniMod:1	1466.00037220063	NA	2	430.229548380441	NA	407129984	NA	NA	527313984	NA	NA	164470000	NA	NA	471156000	NA	NA	.(Acetyl)VTVVRDE	12605533862006149120	HCD	0	89	89	3.0129763e-09	0.008657806	3.0129763e-09	430.229614257812	647	1	unique	641	target	IF2_ECOLI	392517492
HNATFPARSCVE	P0AF93	1	NA	NA	NA	0	0	0-UniMod:1,10-UniMod:4	1192.87660337298	NA	2	715.827680231671	NA	6387680256	NA	NA	6399260160	NA	NA	2553720064	NA	NA	6704019968	NA	NA	.(Acetyl)HNATFPARSC(Carbamidomethyl)VE	6147888710292683776	HCD	0	147	177	4.660388e-13	1.3509717e-06	4.660388e-13	715.827697753906	109	1	unique	98	target	RIDA_ECOLI	5511170112
QAINAPRGDISE	P05055	1	NA	NA	NA	0	0	0-UniMod:1	1653.92619896086	NA	2	656.82749885341	NA	504772992	NA	NA	392172000	NA	NA	108498000	NA	NA	441995008	NA	NA	.(Acetyl)QAINAPRGDISE	16961664761617346560	HCD	0	124	145	1.3307387e-10	0.00038575986	1.3307387e-10	656.828247070312	550	1	unique	539	target	PNP_ECOLI	361859500
VLLLSDRIDE	P0A6Z3	1	NA	NA	NA	0	0	0-UniMod:1	3812.67404100679	NA	2	607.835086665623	NA	940073024	NA	NA	822790976	NA	NA	299151008	NA	NA	874785984	NA	NA	.(Acetyl)VLLLSDRIDE	784106392833750016	HCD	0	130	132	8.7548954e-11	0.0002532048	8.7548954e-11	607.835021972656	466	1	unique	457	target	HTPG_ECOLI	734200248
VSFQVHSE	P0A7R1	1	NA	NA	NA	0	0	0-UniMod:1	2004.57481535172	NA	2	487.733867210131	NA	2547140096	NA	NA	2923610112	NA	NA	1051710016	NA	NA	2461850112	NA	NA	.(Acetyl)VSFQVHSE	26881240741978620	HCD	0	69	73	8.2621264e-11	0.00023811613	8.2621264e-11	487.732513427734	137	1	unique	130	target	RL9_ECOLI	2246077584
TLIVLQNPIMRTIKP	P0ACI6	1	NA	NA	NA	0	0	0-UniMod:1,14-UniMod:1	4328.61302076469	NA	2	911.037229486154	NA	937001984	NA	NA	1120899968	NA	NA	56023100	NA	NA	1268130048	NA	NA	.(Acetyl)TLIVLQNPIMRTIK(Acetyl)P	9829129516933070848	HCD	0	114	168	1.11296486e-10	0.0003234117	1.11296486e-10	911.036987304688	152	1	unique	138	target	ASNC_ECOLI	845513775
LVAIPAMQKRLE	P00926	1	NA	NA	NA	0	0	0-UniMod:1,9-UniMod:1	3807.85342209946	NA	2	726.916324536971	NA	645606976	NA	NA	295036992	NA	NA	212004000	NA	NA	150252992	NA	NA	.(Acetyl)LVAIPAMQK(Acetyl)RLE	10410204753465210880	HCD	0	104	109	6.0104265e-14	1.7423264e-07	6.0104265e-14	726.915771484375	92	1	unique	81	target	SDHD_ECOLI	325725240
AIAPKEPRAAATQE	P16659	1	NA	NA	NA	0	0	0-UniMod:1,5-UniMod:1	1795.78936279193	NA	2	768.905051467541	NA	1320630016	NA	NA	1089340032	NA	NA	389086016	NA	NA	1003120000	NA	NA	.(Acetyl)AIAPK(Acetyl)EPRAAATQE	17901952402995316736	HCD	0	100	124	1.1917847e-12	3.4606987e-06	1.1917847e-12	768.904479980469	251	1	unique	238	target	SYP_ECOLI	950544016
WFLNRPALAE	P36683	1	NA	NA	NA	0	0	0-UniMod:1	3793.5957632309	NA	2	629.832946067615	NA	514908992	NA	NA	493451008	NA	NA	178639008	NA	NA	555430016	NA	NA	.(Acetyl)WFLNRPALAE	7212989691126010880	HCD	0	79	111	3.421446e-09	0.009895339	3.421446e-09	629.832580566406	164	1	unique	155	target	ACNB_ECOLI	435607256
LVGMEDLADQIKKGE	P0A7L0	1	NA	NA	NA	0	0	0-UniMod:1,13-UniMod:1	4084.13798872086	NA	2	865.437720067517	NA	116787000	NA	NA	162174000	NA	NA	10780800	NA	NA	160182000	NA	NA	.(Acetyl)LVGMEDLADQIKK(Acetyl)GE	14317576034437900288	HCD	0	121	134	2.6175239e-17	7.6061504e-11	2.6175239e-17	865.4375	108	1	unique	94	target	RL1_ECOLI	112480950
GKIHRQIYE	P0AES6	1	NA	NA	NA	0.000750750750750751	0.000750750750750751	0-UniMod:1,2-UniMod:1	1317.78844259082	NA	2	614.327357979005	NA	394956000	NA	NA	363479008	NA	NA	168923008	NA	NA	488672000	NA	NA	.(Acetyl)GK(Acetyl)IHRQIYE	7862469778296681472	HCD	0	37	48	7.972036e-09	0.023020776	7.972036e-09	614.327697753906	146	1	unique	138	target	GYRB_ECOLI	354007504
GTGIIAGGAMRAVLE	P0A7W1	1	NA	NA	NA	0	0	0-UniMod:1	3450.597736739	NA	2	729.393213895092	NA	4693360128	NA	NA	5207009792	NA	NA	472772000	NA	NA	5285700096	NA	NA	.(Acetyl)GTGIIAGGAMRAVLE	16172470678722809856	HCD	0	137	159	1.4740924e-12	4.2835018e-06	1.4740924e-12	729.392700195312	116	1	unique	102	target	RS5_ECOLI	3914710504
QGFQVRSVANAE	P0AA16	1	NA	NA	NA	0	0	0-UniMod:1	1987.00036215099	NA	2	674.33713725377	NA	211240000	NA	NA	182916000	NA	NA	40005600	NA	NA	119815000	NA	NA	.(Acetyl)QGFQVRSVANAE	4039455700243497984	HCD	0	89	125	1.963611e-10	0.0005692194	1.963611e-10	674.336242675781	38	1	unique	27	target	OMPR_ECOLI	138494150
AGDYDRITKLARE	P0A955	1	NA	NA	NA	0	0	0-UniMod:1,9-UniMod:1	2458.68307358374	NA	3	531.274053899449	NA	550576000	NA	NA	530657984	NA	NA	196576992	NA	NA	412684992	NA	NA	.(Acetyl)AGDYDRITK(Acetyl)LARE	697139912246139008	HCD	0	142	147	1.42044105e-14	4.1213884e-08	1.42044105e-14	531.274047851562	206	1	unique	194	target	ALKH_ECOLI	422623992
IPYQVNKARLIE	P0AES4	1	NA	NA	NA	0	0	0-UniMod:1,7-UniMod:1	3449.59766524995	NA	2	764.429970095328	NA	172158000	NA	NA	181436992	NA	NA	68895800	NA	NA	169848000	NA	NA	.(Acetyl)IPYQVNK(Acetyl)ARLIE	1.7877233529715e+19	HCD	0	115	132	4.96005e-13	1.437839e-06	4.96005e-13	764.430114746094	275	1	unique	264	target	GYRA_ECOLI	148084698
IAYFFGEGE	P0A763	1	NA	NA	NA	0	0	0-UniMod:1	4741.05801129324	NA	2	537.74284776233	NA	120658000	NA	NA	136319008	NA	NA	55456600	NA	NA	140631008	NA	NA	.(Acetyl)IAYFFGEGE	12257391587815581696	HCD	0	23	23	1.2524779e-11	3.6167694e-05	1.2524779e-11	537.742553710938	137	1	unique	129	target	NDK_ECOLI	113266154
EIIMDQHEE	P09372	1	NA	NA	NA	0	0	0-UniMod:1	2190.77699165437	NA	2	593.257534118661	NA	43324700	NA	NA	122599000	NA	NA	21661100	NA	NA	92449400	NA	NA	.(Acetyl)EIIMDQHEE	3028886130771981824	HCD	0	66	68	7.822383e-11	0.00022588625	7.822383e-11	593.258239746094	24	1	unique	16	target	GRPE_ECOLI	70008550
MANVAYRME	P0AB89	1	NA	NA	NA	0	0	0-UniMod:1	2414.95993691314	NA	2	563.754957207246	NA	387812000	NA	NA	350400992	NA	NA	133997000	NA	NA	433294016	NA	NA	.(Acetyl)MANVAYRME	6323903628313044992	HCD	0	118	118	1.6147816e-12	4.6629902e-06	1.6147816e-12	563.754638671875	192	1	unique	184	target	PUR8_ECOLI	326376002
DVHRMAE	P02359	1	NA	NA	NA	0.000904159132007233	0.000904159132007233	0-UniMod:1	632.628081695088	NA	2	450.205543584645	NA	3073370112	NA	NA	4522409984	NA	NA	1626119936	NA	NA	3713050112	NA	NA	.(Acetyl)DVHRMAE	7190183135418636288	HCD	0	85	88	1.0149418e-09	0.0029164413	1.0149418e-09	450.205596923828	146	1	unique	140	target	RS7_ECOLI	3233737536
RLVTVRE	P0ADG7	1	NA	NA	NA	0.000750750750750751	0.000750750750750751	0-UniMod:1	1109.81666027301	NA	2	457.774580098305	NA	1845469952	NA	NA	2245250048	NA	NA	886019008	NA	NA	2650230016	NA	NA	.(Acetyl)RLVTVRE	14068989656671551488	HCD	0	36	38	2.0169425e-08	0.057956964	2.0169425e-08	457.774505615234	164	1	unique	158	target	IMDH_ECOLI	1906742256
MYAVFQSGGKQHRVSE	P0AG48	1	NA	NA	NA	0	0	0-UniMod:1,10-UniMod:1	2515.96499726975	NA	2	954.45828515296	NA	1959399936	NA	NA	1498450048	NA	NA	602158016	NA	NA	1309849984	NA	NA	.(Acetyl)MYAVFQSGGK(Acetyl)QHRVSE	3125608049906993152	HCD	0	149	164	2.197238e-18	6.3889592e-12	2.197238e-18	954.457092285156	16	1	unique	1	target	RL21_ECOLI	1342464496
VLDIPRE	P0A6F3	1	NA	NA	NA	0.000750750750750751	0.000750750750750751	0-UniMod:1	2571.79033635274	NA	2	442.247820973902	NA	1243719936	NA	NA	1469280000	NA	NA	611804032	NA	NA	1.314e+09	NA	NA	.(Acetyl)VLDIPRE	1.6522970164123e+19	HCD	0	81	81	1.3620266e-08	0.039137915	1.3620266e-08	442.247802734375	213	1	unique	207	target	GLPK_ECOLI	1159700992
RTRKLQQYRE	P0ACF8	1	NA	NA	NA	0	0	0-UniMod:1,4-UniMod:1	1089.97056143641	NA	3	487.935603894594	NA	2307610112	NA	NA	3567069952	NA	NA	1052960000	NA	NA	3243300096	NA	NA	.(Acetyl)RTRK(Acetyl)LQQYRE	18118862489407805440	HCD	0	63	99	9.3033853e-10	0.0026906794	9.3033853e-10	487.935577392578	63	1	unique	54	target	HNS_ECOLI	2542735040
NIAHDDKPGLYFHEE	P0A8M3	1	NA	NA	NA	0	0	0-UniMod:1,7-UniMod:1	2570.4084504146	NA	2	934.926336768661	NA	387572000	NA	NA	407095008	NA	NA	153412000	NA	NA	426440992	NA	NA	.(Acetyl)NIAHDDK(Acetyl)PGLYFHEE	737334704522396928	HCD	0	109	143	5.4977474e-13	1.5975668e-06	5.4977474e-13	934.926147460938	177	1	unique	163	target	SYT_ECOLI	343630000
SKGAITIATRE	P0AFG8	1	NA	NA	NA	0	0	0-UniMod:1,2-UniMod:1	2123.83733898733	NA	2	615.837744708884	NA	2193459968	NA	NA	2373050112	NA	NA	893398976	NA	NA	2185789952	NA	NA	.(Acetyl)SK(Acetyl)GAITIATRE	15682426573378617344	HCD	0	149	149	8.809442e-13	2.5510276e-06	8.809442e-13	615.838073730469	249	1	unique	239	target	ODP1_ECOLI	1911424752
MISDIRKDAE	P0A805	1	NA	NA	NA	0	0	0-UniMod:1,7-UniMod:1	2559.35071767427	NA	2	631.308235130139	NA	1505840000	NA	NA	1594450048	NA	NA	693273984	NA	NA	1572450048	NA	NA	.(Acetyl)MISDIRK(Acetyl)DAE	7694883279790683136	HCD	0	102	129	3.3752268e-10	0.0009761666	3.3752268e-10	631.308288574219	10	1	unique	1	target	RRF_ECOLI	1341503520
SVLPKAVTARVAVE	P27302	1	NA	NA	NA	0	0	0-UniMod:1,5-UniMod:1	3193.69452135633	NA	2	762.443079160446	NA	648451968	NA	NA	819739008	NA	NA	61186000	NA	NA	631758016	NA	NA	.(Acetyl)SVLPK(Acetyl)AVTARVAVE	2437347533005383680	HCD	0	127	140	4.6893764e-15	1.3616988e-08	4.6893764e-15	762.443237304688	612	1	unique	599	target	TKT1_ECOLI	540283748
TPVITGAPYEYR	Biognosys_pep-f	1	NA	NA	NA	0	0	NA	1839.88914599178	NA	2	683.853903262966	NA	10717200384	NA	NA	16163200000	NA	NA	15335999488	NA	NA	13782899712	NA	NA	TPVITGAPYEYR	4588840101647036416	HCD	0	135	163	1.735435e-11	5.0307488e-05	1.735435e-11	683.853698730469	12	1	unique	1	target	iRT-Kit_WR_fusion	13999824896
LLNLLRE	P0A7M6	1	NA	NA	NA	0.00484261501210654	0.00484261501210654	0-UniMod:1	3990.48919849668	NA	2	456.779216328601	NA	3226330112	NA	NA	3134690048	NA	NA	1.288e+09	NA	NA	3437459968	NA	NA	.(Acetyl)LLNLLRE	2770108457804519936	HCD	0	85	85	9.202118e-08	0.2644234	9.202118e-08	456.779266357422	24	1	unique	18	target	RL29_ECOLI	2771620032
SGVLNQQPYGFNTRFE	P0C0L2	1	NA	NA	NA	0	0	0-UniMod:1	3221.48591940777	NA	2	949.954684316281	NA	98391800	NA	NA	99048800	NA	NA	25224500	NA	NA	84818000	NA	NA	.(Acetyl)SGVLNQQPYGFNTRFE	1.739028788923e+19	HCD	0	181	194	5.240106e-17	1.5236777e-10	5.240106e-17	949.955200195312	41	1	unique	26	target	OSMC_ECOLI	76870775
ILGLSGVPAAGDE	P0A705	1	NA	NA	NA	0	0	0-UniMod:1	4197.27675473036	NA	2	620.824116166593	NA	607494976	NA	NA	710441024	NA	NA	259654000	NA	NA	602550976	NA	NA	.(Acetyl)ILGLSGVPAAGDE	10535539326514632704	HCD	0	37	46	2.8248138e-11	8.196155e-05	2.8248138e-11	620.824645996094	640	1	unique	628	target	IF2_ECOLI	545035244
GLFRQIGIYSPNGQQYTPQDRE	P0AFG8	1	NA	NA	NA	0	0	0-UniMod:1	3239.05079574987	NA	3	870.4306826821	NA	622116992	NA	NA	709646976	NA	NA	95185400	NA	NA	654553024	NA	NA	.(Acetyl)GLFRQIGIYSPNGQQYTPQDRE	13688093099318087680	HCD	0	150	171	3.7541867e-21	1.09469835e-14	3.7541867e-21	870.429565429688	552	1	unique	531	target	ODP1_ECOLI	520375598
FKLVTPGIRPQGSE	P08244	1	NA	NA	NA	0	0	0-UniMod:1,2-UniMod:1	3442.69184534592	NA	2	806.937272144269	NA	191892992	NA	NA	269936000	NA	NA	98485400	NA	NA	232864992	NA	NA	.(Acetyl)FK(Acetyl)LVTPGIRPQGSE	14705483982486855680	HCD	0	110	149	2.3901596e-11	6.940533e-05	2.3901596e-11	806.938293457031	197	1	unique	184	target	PYRF_ECOLI	198294846
TAAYGHFGRE	P0A817	1	NA	NA	NA	0	0	0-UniMod:1	1328.54721407986	NA	2	575.766740904937	NA	331527008	NA	NA	315200000	NA	NA	145648992	NA	NA	427020000	NA	NA	.(Acetyl)TAAYGHFGRE	5322351035727033344	HCD	0	128	131	2.217871e-13	6.414418e-07	2.217871e-13	575.767456054688	364	1	unique	355	target	METK_ECOLI	304849000
IKAPWFHHQE	P09394	1	NA	NA	NA	0	0	0-UniMod:1,2-UniMod:1	2689.91273316308	NA	2	688.840815901847	NA	1642979968	NA	NA	1581529984	NA	NA	445312992	NA	NA	993814016	NA	NA	.(Acetyl)IK(Acetyl)APWFHHQE	7685167650394895360	HCD	0	96	109	1.2209795e-12	3.5312569e-06	1.2209795e-12	688.840942382812	181	1	unique	172	target	GLPQ_ECOLI	1165909240
KARGITINTSHVE	P0CE47	0	NA	NA	NA	0.000904159132007233	0.000904159132007233	0-UniMod:1,1-UniMod:1	1699.76995623327	NA	2	755.405285676535	NA	59161100288	NA	NA	76267200512	NA	NA	32203599872	NA	NA	83870597120	NA	NA	.(Acetyl)K(Acetyl)ARGITINTSHVE	17791198304311711744	HCD	0	57	137	9.645288e-09	0.02798566	9.645288e-09	755.404663085938	69	1	non-unique	57	target	EFTU1_ECOLI	62875624448
KINPAGAPTYVPGE	P0A850	1	NA	NA	NA	0.000750750750750751	0.000750750750750751	0-UniMod:1,1-UniMod:1	3256.02992180358	NA	2	749.38307299483	NA	809651968	NA	NA	1768889984	NA	NA	718913984	NA	NA	1746220032	NA	NA	.(Acetyl)K(Acetyl)INPAGAPTYVPGE	14086085248584744960	HCD	0	36	93	1.5250043e-08	0.044283	1.5250043e-08	749.382873535156	96	1	unique	83	target	TIG_ECOLI	1260918992
VLTNGGLVGRVTKVAE	P0ADZ7	1	NA	NA	NA	0	0	0-UniMod:1,13-UniMod:1	3427.71656169106	NA	2	848.983434222518	NA	203472000	NA	NA	214980000	NA	NA	67483696	NA	NA	229646000	NA	NA	.(Acetyl)VLTNGGLVGRVTK(Acetyl)VAE	11182885960585406464	HCD	0	128	151	4.7828812e-15	1.3907294e-08	4.7828812e-15	848.983276367188	77	1	unique	62	target	YAJC_ECOLI	178895424
LYKVAGIRAVE	P0A853	1	NA	NA	NA	0	0	0-UniMod:1,3-UniMod:1	3486.27255166532	NA	2	651.875366904098	NA	12657899520	NA	NA	27469799424	NA	NA	8865810432	NA	NA	11206299648	NA	NA	.(Acetyl)LYK(Acetyl)VAGIRAVE	13870247085079142400	HCD	0	128	142	7.2187997e-13	2.0904113e-06	7.2187997e-13	651.874450683594	395	1	unique	385	target	TNAA_ECOLI	15049952256
PFRIRVIE	P0A853	1	NA	NA	NA	0	0	0-UniMod:1	2737.20566780568	NA	2	536.319362602105	NA	2554520064	NA	NA	3077070080	NA	NA	1007920000	NA	NA	2805349888	NA	NA	.(Acetyl)PFRIRVIE	1.2914306107637e+19	HCD	0	36	47	2.5928675e-09	0.0074726962	2.5928675e-09	536.319152832031	17	1	unique	10	target	TNAA_ECOLI	2361215008
LAKDPRIAATME	P0AEX9	1	NA	NA	NA	0	0	0-UniMod:1,3-UniMod:1	2946.86234689376	NA	2	700.365684612071	NA	1497190016	NA	NA	1559110016	NA	NA	906892032	NA	NA	1281500032	NA	NA	.(Acetyl)LAK(Acetyl)DPRIAATME	625654031878744320	HCD	0	67	120	2.1566315e-09	0.0062517296	2.1566315e-09	700.366149902344	348	1	unique	337	target	MALE_ECOLI	1311173024
HWIDVRVPE	P23857	1	NA	NA	NA	0	0	0-UniMod:1	2623.09318414063	NA	2	596.808777256962	NA	1471360000	NA	NA	1442899968	NA	NA	544012032	NA	NA	1773400064	NA	NA	.(Acetyl)HWIDVRVPE	12012357421140490240	HCD	0	100	103	2.5354454e-12	7.321583e-06	2.5354454e-12	596.809143066406	30	1	unique	22	target	PSPE_ECOLI	1307918016
SVLQVLHIPDE	P0A6K3	1	NA	NA	NA	0	0	0-UniMod:1	3974.49428301646	NA	2	646.348388173356	NA	228406000	NA	NA	170082000	NA	NA	85481000	NA	NA	189948000	NA	NA	.(Acetyl)SVLQVLHIPDE	12202204362884614144	HCD	0	63	80	6.6578154e-10	0.0019279622	6.6578154e-10	646.348266601562	12	1	unique	2	target	DEF_ECOLI	168479250
LSIARYQGE	P0A8G6	1	NA	NA	NA	0	0	0-UniMod:1	2361.47241648005	NA	2	539.78109867999	NA	990323968	NA	NA	1285810048	NA	NA	476185984	NA	NA	1166759936	NA	NA	.(Acetyl)LSIARYQGE	11135495497017509888	HCD	0	121	121	4.825526e-11	0.00013934629	4.825526e-11	539.780029296875	187	1	unique	179	target	NQOR_ECOLI	979769984
IYQYYKE	P0A870	1	NA	NA	NA	0.00143266475644699	0.00143266475644699	0-UniMod:1,6-UniMod:1	3418.64419923941	NA	2	545.758437580975	NA	436227008	NA	NA	364208992	NA	NA	168175008	NA	NA	288102016	NA	NA	.(Acetyl)IYQYYK(Acetyl)E	10061291037506652160	HCD	0	32	46	1.26230875e-08	0.03627252	1.26230875e-08	545.758239746094	215	1	unique	209	target	TALB_ECOLI	314178256
ITAVTGKNPQEHYNE	P36938	1	NA	NA	NA	0	0	0-UniMod:1,7-UniMod:1	2442.64602109932	NA	2	892.925260759059	NA	81609104	NA	NA	46328700	NA	NA	31027700	NA	NA	85800000	NA	NA	.(Acetyl)ITAVTGK(Acetyl)NPQEHYNE	11464346884920328192	HCD	0	143	171	4.062877e-15	1.180614e-08	4.062877e-15	892.926147460938	435	1	unique	421	target	PGM_ECOLI	61191376
VIKVDTRSGE	P0A6N4	1	NA	NA	NA	0	0	0-UniMod:1,3-UniMod:1	2021.99495506145	NA	2	594.317150752969	NA	2914190080	NA	NA	2979150080	NA	NA	1094349952	NA	NA	2439419904	NA	NA	.(Acetyl)VIK(Acetyl)VDTRSGE	1505672690343924992	HCD	0	118	118	1.4786613e-12	4.276512e-06	1.4786613e-12	594.316955566406	182	1	unique	173	target	EFP_ECOLI	2356777504
DTIAILRGLKE	P63284	1	NA	NA	NA	0	0	0-UniMod:1,10-UniMod:1	3851.70683780325	NA	2	656.877428235091	NA	1.028e+09	NA	NA	1064940032	NA	NA	436468000	NA	NA	1088519936	NA	NA	.(Acetyl)DTIAILRGLK(Acetyl)E	11027490704508686336	HCD	0	95	117	7.361199e-10	0.002131647	7.361199e-10	656.877197265625	355	1	unique	345	target	CLPB_ECOLI	904481992
IKFRPGTDE	P0A707	1	NA	NA	NA	0	0	0-UniMod:1,2-UniMod:1	2375.17923851207	NA	2	573.79342618682	NA	1228160000	NA	NA	1100460032	NA	NA	377734016	NA	NA	601347008	NA	NA	.(Acetyl)IK(Acetyl)FRPGTDE	10519165888430411776	HCD	0	105	105	8.368421e-12	2.4165414e-05	8.368421e-12	573.793151855469	104	1	unique	96	target	IF3_ECOLI	826925264
GAIATVHADSDRLSE	P00957	1	NA	NA	NA	0	0	0-UniMod:1	1915.18110593274	NA	2	792.387891119356	NA	508232992	NA	NA	396753984	NA	NA	149268992	NA	NA	661041024	NA	NA	.(Acetyl)GAIATVHADSDRLSE	1902825295756088320	HCD	0	94	166	5.6090854e-11	0.000162992	5.6090854e-11	792.386657714844	716	1	unique	702	target	SYA_ECOLI	428824248
RLQALLGRMEE	P0AF36	1	NA	NA	NA	0	0	0-UniMod:1	3011.1931321565	NA	2	679.366352177571	NA	886616000	NA	NA	771622016	NA	NA	89257000	NA	NA	1136720000	NA	NA	.(Acetyl)RLQALLGRMEE	2230840574406702848	HCD	0	80	96	8.096062e-11	0.0002344448	8.096062e-11	679.366455078125	80	1	unique	70	target	ZAPB_ECOLI	721053754
AGIGIIHQE	P04983	1	NA	NA	NA	0.000750750750750751	0.000750750750750751	0-UniMod:1	2180.76446533635	NA	2	490.263756005547	NA	192366000	NA	NA	253023008	NA	NA	82359504	NA	NA	221835008	NA	NA	.(Acetyl)AGIGIIHQE	8099778579754758144	HCD	0	76	79	4.4881445e-09	0.012960374	4.4881445e-09	490.263977050781	87	1	unique	79	target	RBSA_ECOLI	187395880
RTGRNPQTGKE	P0ACF0	1	NA	NA	NA	0	0	0-UniMod:1,10-UniMod:1	457.261347626907	NA	2	664.339297341933	NA	4869600256	NA	NA	3239889920	NA	NA	1305869952	NA	NA	3332389888	NA	NA	.(Acetyl)RTGRNPQTGK(Acetyl)E	14335329426002110464	HCD	0	72	84	7.1679305e-13	2.0756806e-06	7.1679305e-13	664.339294433594	68	1	unique	58	target	DBHA_ECOLI	3186937504
IVFMVHPDQSE	P02358	1	NA	NA	NA	0	0	0-UniMod:1	3687.85316446719	NA	2	672.318851269928	NA	4880699904	NA	NA	5407450112	NA	NA	2319650048	NA	NA	5819210240	NA	NA	.(Acetyl)IVFMVHPDQSE	1004767951122695808	HCD	0	134	137	3.928759e-14	1.13768536e-07	3.928759e-14	672.318664550781	16	1	unique	6	target	RS6_ECOLI	4606752576
TAANLHAPVIIAGTPGTFTHAGTE	P0C8J6	1	NA	NA	NA	0	0	0-UniMod:1	2969.72746618131	NA	3	797.076442497944	NA	2426739968	NA	NA	2352989952	NA	NA	907542976	NA	NA	2927259904	NA	NA	.(Acetyl)TAANLHAPVIIAGTPGTFTHAGTE	18071976463703498752	HCD	0	82	135	3.9856366e-14	1.16297805e-07	3.9856366e-14	797.076354980469	60	1	unique	37	target	GATY_ECOLI	2153633200
MMLRHMGWTE	P08200	1	NA	NA	NA	0	0	0-UniMod:1	2887.78180280086	NA	2	667.296319306679	NA	1247920000	NA	NA	1573340032	NA	NA	398128992	NA	NA	1313200000	NA	NA	.(Acetyl)MMLRHMGWTE	5248931000835216384	HCD	0	58	103	2.6857399e-09	0.007767565	2.6857399e-09	667.296142578125	371	1	unique	362	target	IDH_ECOLI	1133147256
TTFGRDFNE	P60723	1	NA	NA	NA	0.00143266475644699	0.00143266475644699	0-UniMod:1	2113.86963363045	NA	2	564.751741939576	NA	3084270080	NA	NA	3295330048	NA	NA	1401139968	NA	NA	3450800128	NA	NA	.(Acetyl)TTFGRDFNE	8434416973035252736	HCD	0	65	89	6.279006e-09	0.01813183	6.279006e-09	564.75146484375	25	1	unique	17	target	RL4_ECOLI	2807885056
RTFYYWRNE	P37647	1	NA	NA	NA	0	0	0-UniMod:1	2281.98086518772	NA	2	688.822557096867	NA	1742909952	NA	NA	3274249984	NA	NA	1262690048	NA	NA	3787279872	NA	NA	.(Acetyl)RTFYYWRNE	3160862847683348992	HCD	0	93	102	5.034854e-13	1.4539103e-06	5.034854e-13	688.82275390625	106	1	unique	98	target	KDGK_ECOLI	2516782464
VEATFGVDESNAK	Biognosys_pep-c	1	NA	NA	NA	0	0	NA	1247.62497721027	NA	2	683.827988190962	NA	12692299776	NA	NA	12681799680	NA	NA	13593400320	NA	NA	14760899584	NA	NA	VEATFGVDESNAK	10004705004791076864	HCD	0	189	189	2.6172034e-16	7.5937767e-10	2.6172034e-16	683.827880859375	13	1	unique	1	target	iRT-Kit_WR_fusion	13432099840
MLDKIVIANRGE	P24182	1	NA	NA	NA	0	0	0-UniMod:1,4-UniMod:1	3587.6377466626	NA	2	721.887384331082	NA	223772992	NA	NA	204114000	NA	NA	77100896	NA	NA	193992992	NA	NA	.(Acetyl)MLDK(Acetyl)IVIANRGE	2593722318798590464	HCD	0	91	118	4.9558174e-11	0.00014366122	4.9558174e-11	721.887268066406	12	1	unique	1	target	ACCC_ECOLI	174745220
GTFIIDPAAVIR	Biognosys_pep-k	1	NA	NA	NA	0	0	NA	3100.80532489633	NA	2	636.869315253736	NA	6057050112	NA	NA	7363480064	NA	NA	7170359808	NA	NA	7236100096	NA	NA	GTFIIDPAAVIR	2.14831084507e+18	HCD	0	110	114	7.578597e-12	2.196914e-05	7.578597e-12	636.869201660156	12	1	unique	1	target	iRT-Kit_WR_fusion	6956747520
MDQKLLTDFRSE	P69908	1	NA	NA	NA	0	0	0-UniMod:1,4-UniMod:1	3629.40202717396	NA	2	783.880023703477	NA	2363379968	NA	NA	4319119872	NA	NA	1099879936	NA	NA	2804229888	NA	NA	.(Acetyl)MDQK(Acetyl)LLTDFRSE	18381259925144735744	HCD	0	120	127	5.5240023e-14	1.6013199e-07	5.5240023e-14	783.877075195312	12	1	unique	1	target	DCEA_ECOLI	2646652416
IIPVLDLPRDE	P0A6L7	1	NA	NA	NA	0	0	0-UniMod:1	4121.56454198923	NA	2	661.371751041765	NA	95876000	NA	NA	89980400	NA	NA	31159800	NA	NA	90921800	NA	NA	.(Acetyl)IIPVLDLPRDE	16193042044918278144	HCD	0	90	111	1.3354129e-10	0.00038670725	1.3354129e-10	661.371765136719	335	1	unique	325	target	UXAB_ECOLI	76984500
MKLAAVRAIAE	P76558	1	NA	NA	NA	0	0	0-UniMod:1,2-UniMod:1	3524.66214521316	NA	2	628.855371429128	NA	184836992	NA	NA	235206000	NA	NA	78366000	NA	NA	173454000	NA	NA	.(Acetyl)MK(Acetyl)LAAVRAIAE	13867170568563279872	HCD	0	100	128	2.4666177e-10	0.00071428024	2.4666177e-10	628.855224609375	353	1	unique	343	target	MAO2_ECOLI	167965748
GFSVVRE	P0AE18	1	NA	NA	NA	0.000750750750750751	0.000750750750750751	0-UniMod:1	1902.29284557691	NA	2	418.219044650235	NA	117018000	NA	NA	128610000	NA	NA	21946800	NA	NA	114971000	NA	NA	.(Acetyl)GFSVVRE	234320488815548608	HCD	0	50	57	8.652818e-09	0.024863925	8.652818e-09	418.219055175781	167	1	unique	161	target	MAP1_ECOLI	95636450
LVLGVVSHNFRPE	P63284	1	NA	NA	NA	0	0	0-UniMod:1	3326.89804146502	NA	2	754.914660483995	NA	1230620032	NA	NA	1517040000	NA	NA	472359008	NA	NA	1669360000	NA	NA	.(Acetyl)LVLGVVSHNFRPE	5331344545651605504	HCD	0	150	152	2.1470206e-16	6.229548e-10	2.1470206e-16	754.914672851562	752	1	unique	740	target	CLPB_ECOLI	1222344760
LIPASQIDRLATLPTYE	P0A7J3	1	NA	NA	NA	0	0	0-UniMod:1	4167.26182230254	NA	2	972.029868985235	NA	2521649920	NA	NA	2963970048	NA	NA	67330400	NA	NA	3131320064	NA	NA	.(Acetyl)LIPASQIDRLATLPTYE	1.630096810936e+19	HCD	0	78	145	3.0523925e-10	0.0008880665	3.0523925e-10	972.027893066406	133	1	unique	117	target	RL10_ECOLI	2171067608
SLVQKLAHG	P0AF12	1	NA	NA	NA	0.000750750750750751	0.000750750750750751	0-UniMod:1,5-UniMod:1	2996.26180524663	NA	2	518.793278408197	NA	517321984	NA	NA	512827008	NA	NA	189942000	NA	NA	506432000	NA	NA	.(Acetyl)SLVQK(Acetyl)LAHG	17332938326543097856	HCD	0	51	70	1.8114976e-08	0.052310452	1.8114976e-08	518.792907714844	232	1	unique	224	target	MTNN_ECOLI	431630748
VLICPHLPADE	P06987	1	NA	NA	NA	0	0	0-UniMod:1,4-UniMod:4	3260.31223844844	NA	2	653.328900134622	NA	99522096	NA	NA	85787504	NA	NA	32631500	NA	NA	62780200	NA	NA	.(Acetyl)VLIC(Carbamidomethyl)PHLPADE	14284993598601148416	HCD	0	85	85	9.657144e-14	2.796504e-07	9.657144e-14	653.329040527344	100	1	unique	90	target	HIS7_ECOLI	70180325
FEQIYPKPGWVE	P0A6F3	1	NA	NA	NA	0	0	0-UniMod:1,7-UniMod:1	4410.66576432214	NA	2	788.889690367562	NA	799224000	NA	NA	699046976	NA	NA	173604000	NA	NA	656510976	NA	NA	.(Acetyl)FEQIYPK(Acetyl)PGWVE	7932489572863951872	HCD	0	77	90	3.4510762e-13	1.0004118e-06	3.4510762e-13	788.887756347656	47	1	unique	36	target	GLPK_ECOLI	582096488
LPPKALRSLAE	P00961	1	NA	NA	NA	0	0	0-UniMod:1,4-UniMod:1	3363.06870346823	NA	2	639.874605383352	NA	725160000	NA	NA	845835008	NA	NA	340368992	NA	NA	20489300	NA	NA	.(Acetyl)LPPK(Acetyl)ALRSLAE	11022354465443223552	HCD	0	96	100	2.247414e-12	6.5080344e-06	2.247414e-12	639.874450683594	25	1	unique	15	target	SYGB_ECOLI	482963325
VMVKGPGPGRE	P0A7R9	1	NA	NA	NA	0	0	0-UniMod:1,4-UniMod:1	2035.50929765266	NA	2	605.816269464037	NA	6848549888	NA	NA	9283609600	NA	NA	2842480128	NA	NA	5303629824	NA	NA	.(Acetyl)VMVK(Acetyl)GPGPGRE	7456852090772979712	HCD	0	133	140	3.3611816e-14	9.7332695e-08	3.3611816e-14	605.816101074219	94	1	unique	84	target	RS11_ECOLI	6069567360
GLQAAKRITE	P0AGJ9	1	NA	NA	NA	0	0	0-UniMod:1,6-UniMod:1	2335.12211164243	NA	2	585.827632280216	NA	359294016	NA	NA	333235008	NA	NA	140139008	NA	NA	276320992	NA	NA	.(Acetyl)GLQAAK(Acetyl)RITE	13317346573982054400	HCD	0	90	97	5.2256355e-10	0.0015113327	5.2256355e-10	585.827514648438	325	1	unique	316	target	SYY_ECOLI	277247256
TLLTHLE	P04982	1	NA	NA	NA	0.000750750750750751	0.000750750750750751	0-UniMod:1	2815.40358832023	NA	2	434.742443220571	NA	454412000	NA	NA	622177024	NA	NA	222239008	NA	NA	592307008	NA	NA	.(Acetyl)TLLTHLE	9981263009981200384	HCD	0	66	67	1.764051e-08	0.05069011	1.764051e-08	434.742340087891	89	1	unique	83	target	RBSD_ECOLI	472783760
TSENPLLALRE	P0A9J8	1	NA	NA	NA	0	0	0-UniMod:1	3038.66923502425	NA	2	642.842551368595	NA	377878016	NA	NA	366059008	NA	NA	240874000	NA	NA	253659008	NA	NA	.(Acetyl)TSENPLLALRE	16924451150275751936	HCD	0	115	118	5.5836195e-13	1.6168977e-06	5.5836195e-13	642.843383789062	12	1	unique	2	target	PHEA_ECOLI	309617508
KARGAKAIGTTGRGIGPAYE	P0A7D4	1	NA	NA	NA	0	0	0-UniMod:1,1-UniMod:1,6-UniMod:1	2147.51029012403	NA	3	700.711246224469	NA	2281520128	NA	NA	3101159936	NA	NA	985886976	NA	NA	1838759936	NA	NA	.(Acetyl)K(Acetyl)ARGAK(Acetyl)AIGTTGRGIGPAYE	16272203059892588544	HCD	0	116	204	4.3623522e-13	1.2710433e-06	4.3623522e-13	700.711364746094	139	1	unique	120	target	PURA_ECOLI	2051831744
ALKRYPE	P0AFG6	1	NA	NA	NA	0.000750750750750751	0.000750750750750751	0-UniMod:1,3-UniMod:1	1796.59513523086	NA	2	480.76138209518	NA	321907008	NA	NA	681929024	NA	NA	209831008	NA	NA	503476000	NA	NA	.(Acetyl)ALK(Acetyl)RYPE	17585568710578202624	HCD	0	92	92	7.650715e-09	0.021984374	7.650715e-09	480.761077880859	251	1	unique	245	target	ODO2_ECOLI	429285760
SYVGRLVE	P0A9M8	1	NA	NA	NA	0	0	0-UniMod:1	2308.39474993431	NA	2	482.758746318649	NA	416673984	NA	NA	597294976	NA	NA	224096000	NA	NA	603665024	NA	NA	.(Acetyl)SYVGRLVE	5374048948018907136	HCD	0	85	85	6.7933803e-10	0.0019578657	6.7933803e-10	482.758544921875	474	1	unique	467	target	PTA_ECOLI	460432496
HPGAAARLFKE	P0A7J3	1	NA	NA	NA	0	0	0-UniMod:1,10-UniMod:1	1982.24340059756	NA	2	640.840934792973	NA	1131110016	NA	NA	1640809984	NA	NA	542417984	NA	NA	1514969984	NA	NA	.(Acetyl)HPGAAARLFK(Acetyl)E	5096701475573561344	HCD	0	61	94	1.570184e-10	0.000454692	1.570184e-10	640.840942382812	98	1	unique	88	target	RL10_ECOLI	1207326992
RLLLAQGRHE	P16095	1	NA	NA	NA	0	0	0-UniMod:1	1430.90991733336	NA	3	412.238638171765	NA	262183008	NA	NA	339864000	NA	NA	116620000	NA	NA	517235008	NA	NA	.(Acetyl)RLLLAQGRHE	14166272950755571712	HCD	0	70	77	1.6998406e-11	4.9161958e-05	1.6998406e-11	412.238677978516	104	1	unique	95	target	SDHL_ECOLI	308975504
LKDPHGNIE	P52697	1	NA	NA	NA	0	0	0-UniMod:1,2-UniMod:1	1863.29154946751	NA	2	553.777759619141	NA	237748000	NA	NA	379035008	NA	NA	127405000	NA	NA	341932992	NA	NA	.(Acetyl)LK(Acetyl)DPHGNIE	9356074736108457984	HCD	0	68	85	1.4603416e-09	0.004217015	1.4603416e-09	553.777465820312	213	1	unique	205	target	6PGL_ECOLI	271530250
QMKQDVPSFRPGDTVE	P0A7K6	1	NA	NA	NA	0	0	0-UniMod:1,3-UniMod:1	2883.90187380257	NA	2	959.454186624931	NA	1536649984	NA	NA	1475920000	NA	NA	582236032	NA	NA	1483859968	NA	NA	.(Acetyl)QMK(Acetyl)QDVPSFRPGDTVE	4576477102406481408	HCD	0	117	163	4.9442395e-12	1.4376479e-05	4.9442395e-12	959.454223632812	27	1	unique	12	target	RL19_ECOLI	1269666496
TLDLIRE	P08200	1	NA	NA	NA	0.00248138957816377	0.00248138957816377	0-UniMod:1	2703.10747464383	NA	2	451.253036410434	NA	653900992	NA	NA	796307008	NA	NA	300599008	NA	NA	714243008	NA	NA	.(Acetyl)TLDLIRE	1104922819352843776	HCD	0	90	91	4.402587e-08	0.12650861	4.402587e-08	451.253082275391	94	1	unique	88	target	IDH_ECOLI	616262504
NAYFIKQRE	P0A853	1	NA	NA	NA	0	0	0-UniMod:1,6-UniMod:1	2385.46493994961	NA	2	626.820208561029	NA	44680499200	NA	NA	32754399232	NA	NA	11768000512	NA	NA	11578800128	NA	NA	.(Acetyl)NAYFIK(Acetyl)QRE	16500496728951144448	HCD	0	119	127	3.5140876e-11	0.00010147599	3.5140876e-11	626.819702148438	242	1	unique	234	target	TNAA_ECOLI	25195424768
VYILSKDE	P0CE47	0	NA	NA	NA	0	0	0-UniMod:1,6-UniMod:1	4045.08954402914	NA	2	525.77239055236	NA	22552700928	NA	NA	23510999040	NA	NA	9518189568	NA	NA	23517800448	NA	NA	.(Acetyl)VYILSK(Acetyl)DE	11904730382745864192	HCD	0	44	44	4.4196527e-10	0.0012737528	4.4196527e-10	525.771362304688	316	1	non-unique	309	target	EFTU1_ECOLI	19774922496
IALILQRE	P0A7G2	1	NA	NA	NA	0.000750750750750751	0.000750750750750751	0-UniMod:1	3764.52803749679	NA	2	499.305815337819	NA	211024000	NA	NA	193100992	NA	NA	85037200	NA	NA	201100992	NA	NA	.(Acetyl)IALILQRE	13892845033107634176	HCD	0	86	91	1.2197428e-08	0.035153233	1.2197428e-08	499.3056640625	26	1	unique	19	target	RBFA_ECOLI	172565796
IVKPQHVICHLTDE	P0A7Z4	1	NA	NA	NA	0	0	0-UniMod:1,3-UniMod:1,9-UniMod:4	2864.88516355403	NA	2	886.955123757182	NA	1073710016	NA	NA	625692032	NA	NA	214848000	NA	NA	841617984	NA	NA	.(Acetyl)IVK(Acetyl)PQHVIC(Carbamidomethyl)HLTDE	7835716066041788416	HCD	0	32	81	5.519333e-10	0.001602701	5.519333e-10	886.953674316406	136	1	unique	123	target	RPOA_ECOLI	688967008
SVKNIFGYQYTIPTHQGRGAE	P0A853	1	NA	NA	NA	0	0	0-UniMod:1,3-UniMod:1	3261.85818549493	NA	3	817.408650591402	NA	14302900224	NA	NA	14762699776	NA	NA	953268992	NA	NA	12174300160	NA	NA	.(Acetyl)SVK(Acetyl)NIFGYQYTIPTHQGRGAE	11212026854575599616	HCD	0	179	203	2.2900555e-20	6.675159e-14	2.2900555e-20	817.408142089844	106	1	unique	86	target	TNAA_ECOLI	10548292288
QLAIDRAKE	P0A825	1	NA	NA	NA	0	0	0-UniMod:1,8-UniMod:1	1968.05470700483	NA	2	564.306991537254	NA	7990909952	NA	NA	8355369984	NA	NA	2917400064	NA	NA	7444400128	NA	NA	.(Acetyl)QLAIDRAK(Acetyl)E	9474675179185461248	HCD	0	129	129	2.6195243e-10	0.0007564377	2.6195243e-10	564.306396484375	84	1	unique	76	target	GLYA_ECOLI	6677020032
KLTTLTPFAPALTDE	P0A6U3	1	NA	NA	NA	0	0	0-UniMod:1,1-UniMod:1	4587.01496683487	NA	2	851.450961721768	NA	85658896	NA	NA	82785400	NA	NA	30233900	NA	NA	84941296	NA	NA	.(Acetyl)K(Acetyl)LTTLTPFAPALTDE	11868729517702862848	HCD	0	73	93	1.1796743e-13	3.4279648e-07	1.1796743e-13	851.450927734375	536	1	unique	522	target	MNMG_ECOLI	70904873
CEQLREE	P0A8T7	1	NA	NA	NA	0	0	0-UniMod:1,1-UniMod:4	996.938163735021	NA	2	503.219378104397	NA	78607600	NA	NA	78390200	NA	NA	18349000	NA	NA	80756496	NA	NA	.(Acetyl)C(Carbamidomethyl)EQLREE	17496316746527559680	HCD	0	50	54	3.2346457e-09	0.009294773	3.2346457e-09	503.218902587891	204	1	unique	198	target	RPOC_ECOLI	64025824
VLTIVVDGKE	P68919	1	NA	NA	NA	0	0	0-UniMod:1,9-UniMod:1	4378.38671092439	NA	2	578.829764909989	NA	1136550016	NA	NA	1160620032	NA	NA	159424992	NA	NA	954003008	NA	NA	.(Acetyl)VLTIVVDGK(Acetyl)E	6590889037464356864	HCD	0	43	45	5.8852055e-11	0.00017020902	5.8852055e-11	578.82666015625	69	1	unique	60	target	RL25_ECOLI	852649512
KTVLHLIPSGILRE	P0A7D4	1	NA	NA	NA	0	0	0-UniMod:1,1-UniMod:1	3786.06942679638	NA	2	830.493431839193	NA	2222159872	NA	NA	2126969984	NA	NA	239276000	NA	NA	2432709888	NA	NA	.(Acetyl)K(Acetyl)TVLHLIPSGILRE	5762798711445230592	HCD	0	158	195	9.610325e-13	2.7906412e-06	9.610325e-13	830.493286132812	63	1	unique	50	target	PURA_ECOLI	1755278936
SISAMFEH	P0A717	1	NA	NA	NA	0	0	0-UniMod:1	2951.19721118363	NA	2	482.215616922118	NA	166794000	NA	NA	110119000	NA	NA	53485200	NA	NA	168328992	NA	NA	.(Acetyl)SISAMFEH	15089818981968762880	HCD	0	66	70	7.777221e-10	0.0022414105	7.777221e-10	482.215637207031	315	1	unique	308	target	KPRS_ECOLI	124681798
GSSFPQVALLVRGDHE	P16659	1	NA	NA	NA	0	0	0-UniMod:1	3181.50410590462	NA	2	877.446595770274	NA	874761024	NA	NA	827628032	NA	NA	179152000	NA	NA	952008000	NA	NA	.(Acetyl)GSSFPQVALLVRGDHE	17384725810101278720	HCD	0	142	158	3.76466e-15	1.09465885e-08	3.76466e-15	877.447021484375	303	1	unique	288	target	SYP_ECOLI	708387264
QYKLPRSE	P0A9Q1	1	NA	NA	NA	0	0	0-UniMod:1,3-UniMod:1	1775.0053432608	NA	2	552.787868326883	NA	458996992	NA	NA	431620000	NA	NA	130377000	NA	NA	311793984	NA	NA	.(Acetyl)QYK(Acetyl)LPRSE	13478374926576461824	HCD	0	105	114	4.2200052e-10	0.0012162139	4.2200052e-10	552.787841796875	165	1	unique	158	target	ARCA_ECOLI	333196994
RQFRNYYKE	P0A7V8	1	NA	NA	NA	0.000750750750750751	0.000750750750750751	0-UniMod:1,8-UniMod:1	1699.97078229388	NA	2	694.340924804663	NA	2604219904	NA	NA	2936440064	NA	NA	1129510016	NA	NA	2740839936	NA	NA	.(Acetyl)RQFRNYYK(Acetyl)E	1.5060720050228e+19	HCD	0	45	79	4.982833e-09	0.014388882	4.982833e-09	694.34130859375	78	1	unique	70	target	RS4_ECOLI	2352752480
QFIHLRAVSE	P0ABA4	1	NA	NA	NA	0	0	0-UniMod:1	2335.04888905986	NA	2	621.336213243475	NA	384500992	NA	NA	530352992	NA	NA	151512992	NA	NA	550705024	NA	NA	.(Acetyl)QFIHLRAVSE	7526081910775336960	HCD	0	94	105	1.8531307e-10	0.0005359534	1.8531307e-10	621.335510253906	104	1	unique	95	target	ATPD_ECOLI	404268000
GLYFIDKE	P0A998	1	NA	NA	NA	0.00248138957816377	0.00248138957816377	0-UniMod:1,7-UniMod:1	4209.08245490597	NA	2	534.766373989042	NA	955627008	NA	NA	982033024	NA	NA	450940000	NA	NA	1027939968	NA	NA	.(Acetyl)GLYFIDK(Acetyl)E	7321835008562652160	HCD	0	21	30	3.426091e-08	0.09874063	3.426091e-08	534.766052246094	157	1	unique	150	target	FTNA_ECOLI	854135000
VQNAQHQREE	P0AF36	1	NA	NA	NA	0	0	0-UniMod:1	453.473428448197	NA	2	640.802537664103	NA	1406700032	NA	NA	947550016	NA	NA	364041984	NA	NA	953326976	NA	NA	.(Acetyl)VQNAQHQREE	5636430938434989056	HCD	0	105	133	4.19482e-11	0.000121320525	4.19482e-11	640.802551269531	52	1	unique	43	target	ZAPB_ECOLI	917904752
CAVDAIRAIAKE	P0A955	1	NA	NA	NA	0	0	0-UniMod:1,1-UniMod:4,11-UniMod:1	3395.28626519498	NA	2	700.8636371016	NA	1196770048	NA	NA	1057600000	NA	NA	525028992	NA	NA	965078976	NA	NA	.(Acetyl)C(Carbamidomethyl)AVDAIRAIAK(Acetyl)E	1.150092524023e+19	HCD	0	128	155	6.9879545e-12	2.0256963e-05	6.9879545e-12	700.86376953125	63	1	unique	52	target	ALKH_ECOLI	936119504
KQGIVLATGGGSVKSRE	P0A6D7	1	NA	NA	NA	0	0	0-UniMod:1,1-UniMod:1,14-UniMod:1	2668.44242961751	NA	2	906.994430885166	NA	199595008	NA	NA	176648000	NA	NA	48097600	NA	NA	135810000	NA	NA	.(Acetyl)K(Acetyl)QGIVLATGGGSVK(Acetyl)SRE	1.0759456128516e+19	HCD	0	240	263	4.7752157e-18	1.3893065e-11	4.7752157e-18	906.994384765625	89	1	unique	73	target	AROK_ECOLI	140037652
LAKASVSRIVIE	P0A7V3	1	NA	NA	NA	0	0	0-UniMod:1,3-UniMod:1	3388.2212643079	NA	2	685.406283383686	NA	4234749952	NA	NA	4085479936	NA	NA	1062400000	NA	NA	2570870016	NA	NA	.(Acetyl)LAK(Acetyl)ASVSRIVIE	5592948081448621056	HCD	0	105	123	3.2491906e-12	9.418884e-06	3.2491906e-12	685.406127929688	58	1	unique	47	target	RS3_ECOLI	2988374976
LNLWQASSDK	Q46851	1	NA	NA	NA	0	0	0-UniMod:1,10-UniMod:1	4102.23902903993	NA	2	623.309591560068	NA	246712992	NA	NA	280780992	NA	NA	97279600	NA	NA	265716000	NA	NA	.(Acetyl)LNLWQASSDK(Acetyl)	3421875592538299392	HCD	0	39	44	2.7572672e-11	7.974433e-05	2.7572672e-11	623.309143066406	346	1	unique	337	target	GPR_ECOLI	222622396
IVGLGVVEPREIQE	P63264	1	NA	NA	NA	0	0	0-UniMod:1	3606.46099043136	NA	2	790.443781233487	NA	2600209920	NA	NA	2699729920	NA	NA	753086016	NA	NA	2086429952	NA	NA	.(Acetyl)IVGLGVVEPREIQE	4689060983975762944	HCD	0	104	162	9.4685204e-11	0.00027494642	9.4685204e-11	790.438171386719	40	1	unique	27	target	CBPM_ECOLI	2034863952
NHEPLREE	P17169	1	NA	NA	NA	0	0	0-UniMod:1	561.011529930042	NA	2	533.251691331633	NA	820737984	NA	NA	629385024	NA	NA	233784992	NA	NA	546774016	NA	NA	.(Acetyl)NHEPLREE	2563935819819166720	HCD	0	50	61	2.5023947e-09	0.0072119515	2.5023947e-09	533.251647949219	111	1	unique	104	target	GLMS_ECOLI	557670504
TPAAATIARHLAKE	P08839	1	NA	NA	NA	0	0	0-UniMod:1,13-UniMod:1	2592.22267770182	NA	3	511.951147929904	NA	144676000	NA	NA	129224000	NA	NA	34621800	NA	NA	116492000	NA	NA	.(Acetyl)TPAAATIARHLAK(Acetyl)E	12818394901476691968	HCD	0	100	111	1.5006179e-15	4.3574864e-09	1.5006179e-15	511.950988769531	445	1	unique	432	target	PT1_ECOLI	106253450
VQAPILSRVGDGTQDNLSGCE	P00963	1	NA	NA	NA	0	0	0-UniMod:1,20-UniMod:4	3139.60513117737	NA	2	1129.53952135504	NA	8195590	NA	NA	17901200	NA	NA	3054340	NA	NA	16924900	NA	NA	.(Acetyl)VQAPILSRVGDGTQDNLSGC(Carbamidomethyl)E	11430829101480599552	HCD	0	95	207	1.9110065e-10	0.000557029	1.9110065e-10	1129.53955078125	52	1	unique	32	target	ASNA_ECOLI	11519007.5
SVPLYLQRLE	Q2M7R5	1	NA	NA	NA	0	0	0-UniMod:1	3425.18473134874	NA	2	630.352516422249	NA	82943696	NA	NA	88554800	NA	NA	13768200	NA	NA	73321696	NA	NA	.(Acetyl)SVPLYLQRLE	3819476971967690240	HCD	0	110	115	3.1838816e-11	9.2082664e-05	3.1838816e-11	630.353332519531	55	1	unique	46	target	YIBT_ECOLI	64647098
LGGNEQVTR	Biognosys_pep-a	1	NA	NA	NA	0	0	NA	436.229718941127	NA	2	487.257478766989	NA	15207100416	NA	NA	8460009984	NA	NA	9501849600	NA	NA	12324599808	NA	NA	LGGNEQVTR	4498159948383469056	HCD	0	135	135	3.177295e-11	9.175046e-05	3.177295e-11	487.256683349609	9	1	unique	1	target	iRT-Kit_WR_fusion	11373389952
KAVNITHSYE	P0ADX1	1	NA	NA	NA	0	0	0-UniMod:1,1-UniMod:1	2079.62950652912	NA	2	623.308943892708	NA	137046000	NA	NA	205388992	NA	NA	65874100	NA	NA	197588000	NA	NA	.(Acetyl)K(Acetyl)AVNITHSYE	3155652141223638528	HCD	0	93	115	1.1077491e-11	3.203778e-05	1.1077491e-11	623.309143066406	130	1	unique	121	target	YHFA_ECOLI	151474273
ARGAQLFVTRSKPE	P0AFF6	1	NA	NA	NA	0	0	0-UniMod:1,12-UniMod:1	2099.70276232902	NA	3	548.63370275791	NA	610715008	NA	NA	606336000	NA	NA	209867008	NA	NA	73852200	NA	NA	.(Acetyl)ARGAQLFVTRSK(Acetyl)PE	18278063955955357696	HCD	0	104	131	1.415607e-12	4.1106323e-06	1.415607e-12	548.633666992188	203	1	unique	190	target	NUSA_ECOLI	375192554
LFIPPGPRLGDKVLE	P0A9W3	1	NA	NA	NA	0	0	0-UniMod:1,12-UniMod:1	4218.9850941275	NA	2	867.992994378144	NA	501398016	NA	NA	592686976	NA	NA	177216000	NA	NA	527684000	NA	NA	.(Acetyl)LFIPPGPRLGDK(Acetyl)VLE	10305898106833833984	HCD	0	70	137	1.5091591e-09	0.0043854006	1.5091591e-09	867.993103027344	325	1	unique	311	target	ETTA_ECOLI	449746248
VSRWGTPRE	P0A8L1	1	NA	NA	NA	0	0	0-UniMod:1	1379.56191222691	NA	2	565.290604543059	NA	260692000	NA	NA	365953984	NA	NA	91150400	NA	NA	358264000	NA	NA	.(Acetyl)VSRWGTPRE	14950555560648140800	HCD	0	51	51	3.7869638e-11	0.00010935581	3.7869638e-11	565.291076660156	131	1	unique	123	target	SYS_ECOLI	269015096
AGGITQHIGAYHVE	P0A705	1	NA	NA	NA	0	0	0-UniMod:1	2139.66450227748	NA	2	747.870188393201	NA	1236339968	NA	NA	1730040064	NA	NA	596638976	NA	NA	1587859968	NA	NA	.(Acetyl)AGGITQHIGAYHVE	18152418197790318592	HCD	0	108	123	1.1684391e-13	3.3929075e-07	1.1684391e-13	747.870422363281	434	1	unique	421	target	IF2_ECOLI	1287719744
MNALQHFE	P05020	1	NA	NA	NA	0	0	0-UniMod:1	2824.07870292748	NA	2	516.234733122476	NA	117811000	NA	NA	134054000	NA	NA	46587800	NA	NA	128575000	NA	NA	.(Acetyl)MNALQHFE	16053487166331693056	HCD	0	57	59	1.0299467e-10	0.0002968327	1.0299467e-10	516.234375	293	1	unique	286	target	PYRC_ECOLI	106756950
SGVVTDPQTVLPTTTLRE	P0ADG7	1	NA	NA	NA	0	0	0-UniMod:1	3159.50965410193	NA	2	978.518243323534	NA	532392000	NA	NA	603529984	NA	NA	204616000	NA	NA	565617024	NA	NA	.(Acetyl)SGVVTDPQTVLPTTTLRE	2.947363818457e+18	HCD	0	189	213	3.97553e-17	1.1572708e-10	3.97553e-17	978.517883300781	108	1	unique	91	target	IMDH_ECOLI	476538752
AKIDSLTAVSRQDE	P0ABD5	1	NA	NA	NA	0	0	0-UniMod:1,2-UniMod:1	2764.9219024802	NA	2	808.909905097449	NA	651454016	NA	NA	624128000	NA	NA	238114000	NA	NA	689715968	NA	NA	.(Acetyl)AK(Acetyl)IDSLTAVSRQDE	4595581835984614912	HCD	0	185	190	8.949856e-16	2.5988545e-09	8.949856e-16	808.909973144531	30	1	unique	17	target	ACCA_ECOLI	550852996
GSCKAYNRE	P09373	1	NA	NA	NA	0	0	0-UniMod:1,3-UniMod:4,4-UniMod:1	857.714064421413	NA	2	584.756231562844	NA	1148400000	NA	NA	1360169984	NA	NA	409731008	NA	NA	658160000	NA	NA	.(Acetyl)GSC(Carbamidomethyl)K(Acetyl)AYNRE	8808890777644650496	HCD	0	82	90	1.0998125e-11	3.1759188e-05	1.0998125e-11	584.756225585938	129	1	unique	121	target	PFLB_ECOLI	894115248
IIWVSKSE	P0A8X0	1	NA	NA	NA	0	0	0-UniMod:1,6-UniMod:1	4350.25436495088	NA	2	523.282187847291	NA	98039200	NA	NA	102304000	NA	NA	31171500	NA	NA	101808000	NA	NA	.(Acetyl)IIWVSK(Acetyl)SE	6101036824130521088	HCD	0	22	30	1.3045363e-09	0.0037596996	1.3045363e-09	523.281860351562	31	1	unique	24	target	YJGA_ECOLI	83330675
GLKWTDSRE	P0C0L9	1	NA	NA	NA	0	0	0-UniMod:1,3-UniMod:1	2301.30298052661	NA	2	588.286601861281	NA	152864000	NA	NA	147059008	NA	NA	42703900	NA	NA	139524992	NA	NA	.(Acetyl)GLK(Acetyl)WTDSRE	8341320555406949376	HCD	0	73	93	7.7240103e-10	0.0022304554	7.7240103e-10	588.288208007812	10	1	unique	2	target	ISCX_ECOLI	120537975
DALHATRAAVEE	P0A6F5	1	NA	NA	NA	0	0	0-UniMod:1	1465.31132426228	NA	2	662.828331331747	NA	9550659584	NA	NA	10540900352	NA	NA	3586550016	NA	NA	9530279936	NA	NA	.(Acetyl)DALHATRAAVEE	2633540894151847936	HCD	0	103	115	1.1145247e-11	3.230829e-05	1.1145247e-11	662.828247070312	409	1	unique	398	target	CH60_ECOLI	8302097472
LAQSISMTRAE	P24182	1	NA	NA	NA	0	0	0-UniMod:1	2519.31759613828	NA	2	624.817164806127	NA	413910016	NA	NA	418859008	NA	NA	131580000	NA	NA	369880000	NA	NA	.(Acetyl)LAQSISMTRAE	2179372507108151552	HCD	0	117	117	1.8835047e-13	5.45423e-07	1.8835047e-13	624.816284179688	188	1	unique	178	target	ACCC_ECOLI	333557256
VVVKRVPE	P0A8G6	1	NA	NA	NA	0	0	0-UniMod:1,4-UniMod:1	2205.97544673143	NA	2	505.305613462598	NA	1398339968	NA	NA	1633170048	NA	NA	564060992	NA	NA	1232519936	NA	NA	.(Acetyl)VVVK(Acetyl)RVPE	123481143927264768	HCD	0	60	66	5.4157184e-10	0.001560821	5.4157184e-10	505.3056640625	41	1	unique	34	target	NQOR_ECOLI	1207022736
TPVISGGPYEYR	Biognosys_pep-e	1	NA	NA	NA	0	0	NA	1698.55507324569	NA	2	669.838110776376	NA	11787400192	NA	NA	14215300096	NA	NA	15203600384	NA	NA	15840199680	NA	NA	TPVISGGPYEYR	3054791657822302720	HCD	0	168	168	1.1049951e-15	3.2032041e-09	1.1049951e-15	669.838073730469	12	1	unique	1	target	iRT-Kit_WR_fusion	14261625088
ANKIIRE	P0AB61	1	NA	NA	NA	0.00248138957816377	0.00248138957816377	0-UniMod:1,3-UniMod:1	1872.31090923916	NA	2	464.266626102438	NA	536016000	NA	NA	506795008	NA	NA	220264000	NA	NA	460665984	NA	NA	.(Acetyl)ANK(Acetyl)IIRE	11724817734576422912	HCD	0	84	84	3.9444505e-08	0.11334402	3.9444505e-08	464.266540527344	23	1	unique	17	target	YCIN_ECOLI	430935248
WSQKTIPVPMVVGHE	P07913	1	NA	NA	NA	0	0	0-UniMod:1,4-UniMod:1	3955.44498344654	NA	2	896.458418166578	NA	103905000	NA	NA	153935008	NA	NA	23682800	NA	NA	157060000	NA	NA	.(Acetyl)WSQK(Acetyl)TIPVPMVVGHE	11157891147870218240	HCD	0	131	139	1.7402505e-17	5.0569195e-11	1.7402505e-17	896.458557128906	64	1	unique	50	target	TDH_ECOLI	109645702
RKISLPR	P0AGK4	1	NA	NA	NA	0.00143266475644699	0.00143266475644699	0-UniMod:1,2-UniMod:1	1474.27725542446	NA	2	477.298139341521	NA	1085069952	NA	NA	910870016	NA	NA	289360000	NA	NA	843273984	NA	NA	.(Acetyl)RK(Acetyl)ISLPR	13007599743976880128	HCD	0	72	83	1.7396227e-08	0.04998816	1.7396227e-08	477.298156738281	97	1	unique	91	target	YHBY_ECOLI	782143488
LPALPYAKDALAPHISAE	P0AGD3	1	NA	NA	NA	0	0	0-UniMod:1,8-UniMod:1	4192.51989636944	NA	2	981.022158475064	NA	197360992	NA	NA	198140000	NA	NA	13093200	NA	NA	180906000	NA	NA	.(Acetyl)LPALPYAK(Acetyl)DALAPHISAE	5978954397422769152	HCD	0	154	182	1.0419992e-16	3.0332442e-10	1.0419992e-16	981.022583007812	22	1	unique	5	target	SODF_ECOLI	147375048
WAKTTVNGMPALRE	P07813	1	NA	NA	NA	0	0	0-UniMod:1,3-UniMod:1	3349.53291917775	NA	2	829.42235346408	NA	128881000	NA	NA	93968800	NA	NA	25691900	NA	NA	29983900	NA	NA	.(Acetyl)WAK(Acetyl)TTVNGMPALRE	8273600048079184896	HCD	0	149	158	6.121433e-17	1.7775387e-10	6.121433e-17	829.421997070312	486	1	unique	473	target	SYL_ECOLI	69631400
IAAVVLQVDAERE	P0AG67	1	NA	NA	NA	0	0	0-UniMod:1	3851.61671855036	NA	2	727.896338586856	NA	1004649984	NA	NA	1308659968	NA	NA	29946100	NA	NA	1108230016	NA	NA	.(Acetyl)IAAVVLQVDAERE	8836432507731191808	HCD	0	134	141	6.621766e-15	1.9212955e-08	6.621766e-15	727.896118164062	427	1	unique	415	target	RS1_ECOLI	862871517
GVFPVVLGHE	P25437	1	NA	NA	NA	0	0	0-UniMod:1	3494.45669040674	NA	2	548.295178823463	NA	315452000	NA	NA	316179008	NA	NA	125463000	NA	NA	288054016	NA	NA	.(Acetyl)GVFPVVLGHE	1467059686521390080	HCD	0	88	94	1.0173706e-11	2.9423894e-05	1.0173706e-11	548.295288085938	63	1	unique	54	target	FRMA_ECOLI	261287006
VLAAANARAE	P0A7R1	1	NA	NA	NA	0	0	0-UniMod:1	1804.72151231946	NA	2	514.280559094651	NA	11128699904	NA	NA	9251749888	NA	NA	3146789888	NA	NA	7868389888	NA	NA	.(Acetyl)VLAAANARAE	7913613959721273344	HCD	0	121	121	9.873566e-12	2.8555845e-05	9.873566e-12	514.280151367188	70	1	unique	61	target	RL9_ECOLI	7848907392
KKARVE	P0A6F5	1	NA	NA	NA	0.00248138957816377	0.00248138957816377	0-UniMod:1,1-UniMod:1,2-UniMod:1	1000.28533964143	NA	2	428.748534869907	NA	2110690048	NA	NA	1316649984	NA	NA	411044000	NA	NA	972417024	NA	NA	.(Acetyl)K(Acetyl)K(Acetyl)ARVE	16818077363841296384	HCD	0	73	73	4.187375e-08	0.119213864	4.187375e-08	428.747955322266	397	1	unique	392	target	CH60_ECOLI	1202700264
ANLNSLRLLNE	Q46851	1	NA	NA	NA	0	0	0-UniMod:1	3228.29373279165	NA	2	649.856933094557	NA	460744000	NA	NA	658070016	NA	NA	239110000	NA	NA	614201024	NA	NA	.(Acetyl)ANLNSLRLLNE	4820986266629519360	HCD	0	119	119	2.2835184e-12	6.6125854e-06	2.2835184e-12	649.856811523438	272	1	unique	262	target	GPR_ECOLI	493031260
GGQHLNVNVLRRE	P68066	1	NA	NA	NA	0	0	0-UniMod:1	1549.31370379939	NA	3	511.947355301279	NA	3.4304e+10	NA	NA	30830600192	NA	NA	15483799552	NA	NA	43951300608	NA	NA	.(Acetyl)GGQHLNVNVLRRE	6881106789230243840	HCD	0	92	124	1.473997e-11	4.2767802e-05	1.473997e-11	511.946350097656	81	1	unique	69	target	GRCA_ECOLI	31142425088
QTYRIVGDDE	P0A6W5	1	NA	NA	NA	0	0	0-UniMod:1	1816.94608293316	NA	2	619.283948525677	NA	670172992	NA	NA	572894976	NA	NA	170402000	NA	NA	467540000	NA	NA	.(Acetyl)QTYRIVGDDE	10978559583962943488	HCD	0	101	140	3.0820066e-10	0.0008913629	3.0820066e-10	619.288391113281	112	1	unique	103	target	GREA_ECOLI	470252492
ILNVPHHVE	P0AG18	1	NA	NA	NA	0	0	0-UniMod:1	2002.55683474565	NA	2	550.297253780348	NA	883548992	NA	NA	1056140032	NA	NA	392912992	NA	NA	754838016	NA	NA	.(Acetyl)ILNVPHHVE	14946419981974519808	HCD	0	106	106	6.9042072e-12	1.9937217e-05	6.9042072e-12	550.298400878906	40	1	unique	32	target	PURE_ECOLI	771860008
DAVKHPE	P68066	1	NA	NA	NA	0	0	0-UniMod:1,4-UniMod:1	916.464588200027	NA	2	440.214294340437	NA	5563829760	NA	NA	10142100480	NA	NA	3994390016	NA	NA	7665419776	NA	NA	.(Acetyl)DAVK(Acetyl)HPE	9042694160951224320	HCD	0	75	75	8.714823e-10	0.0025042095	8.714823e-10	440.213958740234	91	1	unique	85	target	GRCA_ECOLI	6841435008
PVIKVRE	P68679	1	NA	NA	NA	0	0	0-UniMod:1,4-UniMod:1	2120.99001076345	NA	2	462.779137680606	NA	2018680064	NA	NA	2226160128	NA	NA	875542976	NA	NA	2160320000	NA	NA	.(Acetyl)PVIK(Acetyl)VRE	1029637535849786112	HCD	0	107	107	5.0677493e-09	0.014562208	5.0677493e-09	462.779266357422	8	1	unique	2	target	RS21_ECOLI	1820175792
GGGADTTATDIICPMYARVDE	P00722	1	NA	NA	NA	0	0	0-UniMod:1,13-UniMod:4	3394.57665290263	NA	2	1128.00121313918	NA	35278100	NA	NA	59070200	NA	NA	4941850	NA	NA	52266400	NA	NA	.(Acetyl)GGGADTTATDIIC(Carbamidomethyl)PMYARVDE	8646147671880603648	HCD	0	250	279	4.55696e-19	1.3282837e-12	4.55696e-19	1128.00134277344	509	1	unique	489	target	BGAL_ECOLI	37889137.5
AAIQGRVAQIRQQIEE	P0A6F5	1	NA	NA	NA	0	0	0-UniMod:1	2783.85544392464	NA	3	618.006417211254	NA	7507689984	NA	NA	7106590208	NA	NA	2431439872	NA	NA	6860179968	NA	NA	.(Acetyl)AAIQGRVAQIRQQIEE	13402252327121682432	HCD	0	74	133	8.4760016e-10	0.0024645864	8.4760016e-10	618.006042480469	355	1	unique	340	target	CH60_ECOLI	5976475008
AKGAYPGWQPDANSPVMHLVRE	P15288	1	NA	NA	NA	0	0	0-UniMod:1,2-UniMod:1	3330.24305300013	NA	3	836.409641954801	NA	266698000	NA	NA	222256992	NA	NA	50043000	NA	NA	345641984	NA	NA	.(Acetyl)AK(Acetyl)GAYPGWQPDANSPVMHLVRE	12892384623796307968	HCD	0	180	202	1.3099634e-22	3.8197747e-16	1.3099634e-22	836.409362792969	413	1	unique	392	target	PEPD_ECOLI	221159994
GLTVFRDQE	P04825	1	NA	NA	NA	0.00248138957816377	0.00248138957816377	0-UniMod:1	2493.2134010121	NA	2	553.777665731869	NA	347848992	NA	NA	282692000	NA	NA	117809000	NA	NA	331712000	NA	NA	.(Acetyl)GLTVFRDQE	10067557375559249920	HCD	0	53	94	3.9025533e-08	0.11269368	3.9025533e-08	553.777465820312	329	1	unique	321	target	AMPN_ECOLI	270015498
NLYSAARE	P23893	1	NA	NA	NA	0	0	0-UniMod:1	1458.12250199662	NA	2	483.238045107118	NA	91065504	NA	NA	141520992	NA	NA	41886300	NA	NA	113093000	NA	NA	.(Acetyl)NLYSAARE	649137520908557312	HCD	0	70	71	1.2603117e-09	0.0036322437	1.2603117e-09	483.237976074219	13	1	unique	6	target	GSA_ECOLI	96891449
TLAQRSGKSE	P02359	1	NA	NA	NA	0	0	0-UniMod:1,8-UniMod:1	1041.93888353185	NA	2	580.799219618923	NA	8742949888	NA	NA	11353100288	NA	NA	3611389952	NA	NA	10056599552	NA	NA	.(Acetyl)TLAQRSGK(Acetyl)SE	14798977377339760640	HCD	0	91	97	1.4331523e-10	0.00041448927	1.4331523e-10	580.798950195312	58	1	unique	49	target	RS7_ECOLI	8441009920
LAPGNLWNTMPCHTHE	Q46938	1	NA	NA	NA	0	0	0-UniMod:1,12-UniMod:4	3031.29276439495	NA	3	640.622335564649	NA	531104000	NA	NA	452003008	NA	NA	121025000	NA	NA	191704992	NA	NA	.(Acetyl)LAPGNLWNTMPC(Carbamidomethyl)HTHE	4316221022806430208	HCD	0	98	110	9.840994e-18	2.8614885e-11	9.840994e-18	640.622436523438	199	1	unique	184	target	KDUI_ECOLI	323959250
QVRTYVPADDYRVLGTDGFGRSDSRE	P0AFG8	1	NA	NA	NA	0	0	0-UniMod:1	2588.07149473005	NA	4	751.115269569679	NA	820787968	NA	NA	1741379968	NA	NA	172875008	NA	NA	1631340032	NA	NA	.(Acetyl)QVRTYVPADDYRVLGTDGFGRSDSRE	9965816018020722688	HCD	0	70	179	6.769768e-11	0.0001976561	6.769768e-11	751.115417480469	836	1	unique	811	target	ODP1_ECOLI	1091595744
GQTVRLE	P0AG48	1	NA	NA	NA	0.00143266475644699	0.00143266475644699	0-UniMod:1	1244.72897432007	NA	2	422.729876768229	NA	2060359936	NA	NA	2372450048	NA	NA	1291239936	NA	NA	2726279936	NA	NA	.(Acetyl)GQTVRLE	10925023063522621440	HCD	0	55	55	2.599231e-08	0.07468906	2.599231e-08	422.729766845703	23	1	unique	17	target	RL21_ECOLI	2112582464
LQFADLQSRLE	P42632	1	NA	NA	NA	0	0	0-UniMod:1	3658.01596029009	NA	2	681.356651781668	NA	286862016	NA	NA	202355008	NA	NA	96012896	NA	NA	327057984	NA	NA	.(Acetyl)LQFADLQSRLE	9368358472780511232	HCD	0	143	145	1.5184943e-12	4.3972377e-06	1.5184943e-12	681.356628417969	213	1	unique	203	target	TDCE_ECOLI	228071976
VTITAPNGLHTRPAAQFVKE	P0AA04	1	NA	NA	NA	0	0	0-UniMod:1,19-UniMod:1	2819.8092773433	NA	3	745.402588783744	NA	2414170112	NA	NA	3279490048	NA	NA	1063889984	NA	NA	2737339904	NA	NA	.(Acetyl)VTITAPNGLHTRPAAQFVK(Acetyl)E	15351164015447306240	HCD	0	77	164	6.5422323e-10	0.0019061873	6.5422323e-10	745.402465820312	25	1	unique	6	target	PTHP_ECOLI	2373722512
AALGAGAAHSE	P0A6A3	1	NA	NA	NA	0	0	0-UniMod:1	1136.97530138119	NA	2	498.740920157598	NA	1255020032	NA	NA	1363059968	NA	NA	532632992	NA	NA	1575190016	NA	NA	.(Acetyl)AALGAGAAHSE	8274662141644534784	HCD	0	118	118	1.442382e-12	4.1768326e-06	1.442382e-12	498.740875244141	65	1	unique	55	target	ACKA_ECOLI	1181475752
ATSDYDRE	P0A6F5	1	NA	NA	NA	0	0	0-UniMod:1	801.912190779766	NA	2	499.706736281973	NA	1350169984	NA	NA	1476390016	NA	NA	595755008	NA	NA	1167529984	NA	NA	.(Acetyl)ATSDYDRE	3298687777041245696	HCD	0	98	98	2.0692635e-10	0.0005963659	2.0692635e-10	499.706695556641	363	1	unique	356	target	CH60_ECOLI	1147461248
KLSPTLAMYRAKDFE	P0A9Q7	1	NA	NA	NA	0	0	0-UniMod:1,1-UniMod:1,12-UniMod:1	3802.33336359763	NA	2	948.48383377343	NA	331367008	NA	NA	324608000	NA	NA	65812300	NA	NA	374680000	NA	NA	.(Acetyl)K(Acetyl)LSPTLAMYRAK(Acetyl)DFE	475038529489462464	HCD	0	186	210	7.174531e-16	2.084816e-09	7.174531e-16	948.482238769531	350	1	unique	336	target	ADHE_ECOLI	274116827
VPVAAAIEPVVSAPVVEE	P21513	1	NA	NA	NA	0	0	0-UniMod:1	4474.16022369106	NA	2	909.498735403532	NA	336524000	NA	NA	313849984	NA	NA	131727000	NA	NA	306540992	NA	NA	.(Acetyl)VPVAAAIEPVVSAPVVEE	14446694393786378240	HCD	0	44	91	4.1889245e-10	0.0012193896	4.1889245e-10	909.498413085938	891	1	unique	874	target	RNE_ECOLI	272160494
DLVAYRQAHE	P0A7J0	1	NA	NA	NA	0	0	0-UniMod:1	1488.39848587308	NA	2	622.306359958901	NA	301779008	NA	NA	394680000	NA	NA	132050000	NA	NA	397672000	NA	NA	.(Acetyl)DLVAYRQAHE	6027724696422331392	HCD	0	70	82	3.247714e-11	9.3928786e-05	3.247714e-11	622.306945800781	213	1	unique	204	target	RIBB_ECOLI	306545252
KLAPLDLIRLGMN	P64463	1	NA	NA	NA	0	0	0-UniMod:1,1-UniMod:1	4396.81512355512	NA	2	769.442055078194	NA	297350016	NA	NA	294849984	NA	NA	14101000	NA	NA	304308992	NA	NA	.(Acetyl)K(Acetyl)LAPLDLIRLGMN	1220842379450247424	HCD	0	153	162	1.1295135e-13	3.2772664e-07	1.1295135e-13	769.442199707031	67	1	unique	55	target	YDFZ_ECOLI	227652498
TLPNTMFRVE	P69222	1	NA	NA	NA	0	0	0-UniMod:1	3173.26441619365	NA	2	625.315956355597	NA	758636032	NA	NA	813656000	NA	NA	305292000	NA	NA	792481024	NA	NA	.(Acetyl)TLPNTMFRVE	1.4090682044131e+19	HCD	0	116	124	1.3497592e-12	3.9037077e-06	1.3497592e-12	625.31591796875	25	1	unique	16	target	IF1_ECOLI	667516264
DAAGNYIHYGVRE	P27302	1	NA	NA	NA	0	0	0-UniMod:1	1980.73382007438	NA	2	753.852305031416	NA	1111260032	NA	NA	481828000	NA	NA	128700000	NA	NA	1177670016	NA	NA	.(Acetyl)DAAGNYIHYGVRE	12206040504062898176	HCD	0	132	152	6.9532143e-15	2.0174648e-08	6.9532143e-15	753.852233886719	411	1	unique	399	target	TKT1_ECOLI	724864512
VCANIGTVRDVE	P08839	1	NA	NA	NA	0	0	0-UniMod:1,2-UniMod:4	2358.17124250686	NA	2	687.837779561575	NA	709894976	NA	NA	1466659968	NA	NA	441103008	NA	NA	482376000	NA	NA	.(Acetyl)VC(Carbamidomethyl)ANIGTVRDVE	9067009567814621184	HCD	0	126	144	2.0488511e-13	5.9392914e-07	2.0488511e-13	687.837768554688	282	1	unique	271	target	PT1_ECOLI	775008488
ADALYTNPAQARE	P0C8J6	1	NA	NA	NA	0	0	0-UniMod:1	2102.2738542887	NA	2	731.3516849071	NA	2703800064	NA	NA	2822609920	NA	NA	1187629952	NA	NA	2891830016	NA	NA	.(Acetyl)ADALYTNPAQARE	9482193514558746624	HCD	0	162	164	3.2790363e-15	9.514075e-09	3.2790363e-15	731.35205078125	162	1	unique	150	target	GATY_ECOLI	2401467488
GKIHRLE	P02358	1	NA	NA	NA	0.000750750750750751	0.000750750750750751	0-UniMod:1,2-UniMod:1	1134.36562347773	NA	2	468.766862305819	NA	10618300416	NA	NA	12611399680	NA	NA	5008589824	NA	NA	15665600512	NA	NA	.(Acetyl)GK(Acetyl)IHRLE	17250209665006637056	HCD	0	67	67	1.2851449e-08	0.036928713	1.2851449e-08	468.766693115234	40	1	unique	34	target	RS6_ECOLI	10975972608
ILTHPVFNRYHSE	P33195	1	NA	NA	NA	0	0	0-UniMod:1	2190.02432816964	NA	3	552.282759327189	NA	1358060032	NA	NA	1740269952	NA	NA	556894016	NA	NA	1844099968	NA	NA	.(Acetyl)ILTHPVFNRYHSE	6779256125770695680	HCD	0	121	132	1.3502695e-15	3.9177865e-09	1.3502695e-15	552.28271484375	485	1	unique	473	target	GCSP_ECOLI	1374830992
LVSNLRKE	P0A858	1	NA	NA	NA	0	0	0-UniMod:1,7-UniMod:1	2303.74479924647	NA	2	521.798331952077	NA	3017459968	NA	NA	4155360000	NA	NA	1983239936	NA	NA	4582430208	NA	NA	.(Acetyl)LVSNLRK(Acetyl)E	15003894775418720256	HCD	0	127	127	6.6219547e-10	0.0019084605	6.6219547e-10	521.798217773438	29	1	unique	22	target	TPIS_ECOLI	3434622528
YGQVKRGE	P0C0V0	1	NA	NA	NA	0	0	0-UniMod:1,5-UniMod:1	1325.48181113006	NA	2	510.759545584006	NA	188360000	NA	NA	144656000	NA	NA	41357600	NA	NA	208508000	NA	NA	.(Acetyl)YGQVK(Acetyl)RGE	4090351325927830016	HCD	0	105	105	7.414225e-11	0.00021367944	7.414225e-11	510.759063720703	290	1	unique	283	target	DEGP_ECOLI	145720400
MKLPVRE	P0AC41	1	NA	NA	NA	0.00248138957816377	0.00248138957816377	0-UniMod:1,2-UniMod:1	2413.8174596791	NA	2	478.76557371837	NA	109915000	NA	NA	108863000	NA	NA	31949500	NA	NA	129575000	NA	NA	.(Acetyl)MK(Acetyl)LPVRE	1109003641188083584	HCD	0	37	57	7.3603914e-08	0.21150129	7.3603914e-08	478.765319824219	7	1	unique	1	target	SDHA_ECOLI	95075625
QDPKARVACE	P0A817	1	NA	NA	NA	0	0	0-UniMod:1,4-UniMod:1,9-UniMod:4	1373.85470198938	NA	2	629.298449895816	NA	460684000	NA	NA	507312000	NA	NA	176103008	NA	NA	428561984	NA	NA	.(Acetyl)QDPK(Acetyl)ARVAC(Carbamidomethyl)E	2826346584155108352	HCD	0	67	86	1.0119317e-10	0.00029266594	1.0119317e-10	629.298278808594	43	1	unique	34	target	METK_ECOLI	393165248
SRFDFRNVE	P0A8E7	1	NA	NA	NA	0	0	0-UniMod:1	1983.082587713	NA	2	606.294103776581	NA	1280739968	NA	NA	1488589952	NA	NA	524299008	NA	NA	1443260032	NA	NA	.(Acetyl)SRFDFRNVE	16940828861713688576	HCD	0	55	76	6.7961387e-10	0.0019625148	6.7961387e-10	606.293823242188	36	1	unique	28	target	YAJQ_ECOLI	1184222240
GKIDRPEE	P0A8E1	1	NA	NA	NA	0.00143266475644699	0.00143266475644699	0-UniMod:1,2-UniMod:1	1201.61450419295	NA	2	514.256948609037	NA	111714000	NA	NA	129906000	NA	NA	38422200	NA	NA	205935008	NA	NA	.(Acetyl)GK(Acetyl)IDRPEE	2673659956434803200	HCD	0	64	68	1.9805634e-08	0.05708023	1.9805634e-08	514.25634765625	107	1	unique	100	target	YCFP_ECOLI	121494302
VKARPARITE	P0A870	1	NA	NA	NA	0.000750750750750751	0.000750750750750751	0-UniMod:1,2-UniMod:1	1278.17566428926	NA	2	612.856345378251	NA	11312799744	NA	NA	9958099968	NA	NA	2375439872	NA	NA	839864000	NA	NA	.(Acetyl)VK(Acetyl)ARPARITE	17156099453304176640	HCD	0	40	69	7.2280364e-09	0.020904573	7.2280364e-09	612.856628417969	278	1	unique	269	target	TALB_ECOLI	6121550896
RDGILRVKAE	P09372	1	NA	NA	NA	0	0	0-UniMod:1,8-UniMod:1	1861.44312664354	NA	2	620.854009521784	NA	1552889984	NA	NA	1845110016	NA	NA	738816000	NA	NA	1992290048	NA	NA	.(Acetyl)RDGILRVK(Acetyl)AE	13894988132104470528	HCD	0	61	93	4.236849e-09	0.012253608	4.236849e-09	620.854064941406	68	1	unique	59	target	GRPE_ECOLI	1532276512
ILALRHE	P27298	1	NA	NA	NA	0.00143266475644699	0.00143266475644699	0-UniMod:1	1946.94689984456	NA	2	447.263705638441	NA	287017984	NA	NA	437284000	NA	NA	141952000	NA	NA	448465984	NA	NA	.(Acetyl)ILALRHE	3922593729623863296	HCD	0	61	61	2.993541e-08	0.08601958	2.993541e-08	447.263793945312	268	1	unique	262	target	OPDA_ECOLI	328679992
TRHIVMHNE	Q46938	1	NA	NA	NA	0.000904159132007233	0.000904159132007233	0-UniMod:1	757.989722441888	NA	3	393.529260231446	NA	4934909952	NA	NA	6396449792	NA	NA	2299279872	NA	NA	5718709760	NA	NA	.(Acetyl)TRHIVMHNE	10299475443151140864	HCD	0	50	83	2.6698306e-09	0.007709646	2.6698306e-09	393.529357910156	234	1	unique	226	target	KDUI_ECOLI	4837337344
VEPALAYLRE	P15640	1	NA	NA	NA	0	0	0-UniMod:1	3421.37760158375	NA	2	601.82457909095	NA	1332540032	NA	NA	1464130048	NA	NA	606828992	NA	NA	1603990016	NA	NA	.(Acetyl)VEPALAYLRE	5974344103763040256	HCD	0	126	127	6.515644e-12	1.8844226e-05	6.515644e-12	601.824462890625	137	1	unique	128	target	PUR2_ECOLI	1251872272
NQFRVGLVRVE	P0A8V2	1	NA	NA	NA	0	0	0-UniMod:1	2427.70975076477	NA	2	679.880337225664	NA	1392749952	NA	NA	1629580032	NA	NA	726515968	NA	NA	1979549952	NA	NA	.(Acetyl)NQFRVGLVRVE	12071154828591550464	HCD	0	51	70	1.0972465e-10	0.00031773932	1.0972465e-10	679.880615234375	472	1	unique	462	target	RPOB_ECOLI	1432098976
FPNFRKGTE	P0A799	1	NA	NA	NA	0	0	0-UniMod:1,6-UniMod:1	2757.33758442906	NA	2	590.293460968348	NA	1752839936	NA	NA	1891629952	NA	NA	724963008	NA	NA	1551719936	NA	NA	.(Acetyl)FPNFRK(Acetyl)GTE	2207313429409076992	HCD	0	100	107	1.6099302e-11	4.648981e-05	1.6099302e-11	590.293273925781	323	1	unique	315	target	PGK_ECOLI	1480288208
EKARGITINTSHVE	P0CE47	0	NA	NA	NA	0	0	0-UniMod:1,2-UniMod:1	1792.04501818161	NA	2	819.925503183697	NA	4927699968	NA	NA	3479820032	NA	NA	1359069952	NA	NA	3672179968	NA	NA	.(Acetyl)EK(Acetyl)ARGITINTSHVE	12600498582039443456	HCD	0	55	142	3.6162837e-09	0.010500947	3.6162837e-09	819.925964355469	69	1	non-unique	56	target	EFTU1_ECOLI	3359692480
LLTLPNADRVNPE	P0A6R0	1	NA	NA	NA	0	0	0-UniMod:1	3293.8778579338	NA	2	747.402368616997	NA	462771008	NA	NA	349836992	NA	NA	174250000	NA	NA	332161984	NA	NA	.(Acetyl)LLTLPNADRVNPE	15374122955964393472	HCD	0	130	138	1.6728137e-14	4.853644e-08	1.6728137e-14	747.401550292969	200	1	unique	188	target	FABH_ECOLI	329754996
VVVFHPLGE	P63284	1	NA	NA	NA	0	0	0-UniMod:1	3449.26479532224	NA	2	519.78472245871	NA	589219968	NA	NA	660241984	NA	NA	332372000	NA	NA	735833984	NA	NA	.(Acetyl)VVVFHPLGE	11834531832365885440	HCD	0	91	91	9.40191e-12	2.714981e-05	9.40191e-12	519.784545898438	768	1	unique	760	target	CLPB_ECOLI	579416984
LVPGKVIRLE	P63284	1	NA	NA	NA	0	0	0-UniMod:1,5-UniMod:1	3686.79346870208	NA	2	604.374272735253	NA	1000320000	NA	NA	1101459968	NA	NA	452916000	NA	NA	1129769984	NA	NA	.(Acetyl)LVPGK(Acetyl)VIRLE	17931058435299252224	HCD	0	107	107	1.02123865e-11	2.9535764e-05	1.02123865e-11	604.374084472656	847	1	unique	838	target	CLPB_ECOLI	921116488
FLFMDRDALPTEEE	P08839	1	NA	NA	NA	0.000750750750750751	0.000750750750750751	0-UniMod:1	4216.19779205607	NA	2	877.900724503852	NA	974260992	NA	NA	1050249984	NA	NA	268935008	NA	NA	961744000	NA	NA	.(Acetyl)FLFMDRDALPTEEE	7232593622454566912	HCD	0	65	135	5.9355396e-09	0.01723559	5.9355396e-09	877.900756835938	312	1	unique	299	target	PT1_ECOLI	813797496
KYLENPRHVE	P24182	1	NA	NA	NA	0	0	0-UniMod:1,1-UniMod:1	1607.8245013145	NA	2	684.848778884182	NA	542072000	NA	NA	426694016	NA	NA	137652000	NA	NA	411048000	NA	NA	.(Acetyl)K(Acetyl)YLENPRHVE	6026434006735235072	HCD	0	137	137	1.10638014e-13	3.1998184e-07	1.10638014e-13	684.848999023438	211	1	unique	202	target	ACCC_ECOLI	379366504
VWIPAQNTYRE	P0A8L1	1	NA	NA	NA	0	0	0-UniMod:1	2998.8765838372	NA	2	709.857423139265	NA	108549000	NA	NA	114205000	NA	NA	38572700	NA	NA	146096000	NA	NA	.(Acetyl)VWIPAQNTYRE	7608309708112158720	HCD	0	98	107	6.108293e-13	1.7688322e-06	6.108293e-13	709.856811523438	355	1	unique	345	target	SYS_ECOLI	101855675
TLLPLYHLHAAGFE	P31658	1	NA	NA	NA	0	0	0-UniMod:1	3660.40976831783	NA	2	812.432249578105	NA	571118016	NA	NA	637020032	NA	NA	136456000	NA	NA	827289024	NA	NA	.(Acetyl)TLLPLYHLHAAGFE	16991687175737249792	HCD	0	87	125	5.275374e-12	1.5318603e-05	5.275374e-12	812.430114746094	91	1	unique	78	target	HCHA_ECOLI	542970768
VEGAAPAAAPAKQE	P06959	1	NA	NA	NA	0	0	0-UniMod:1,12-UniMod:1	2203.19374749363	NA	2	697.351346061226	NA	346673984	NA	NA	387513984	NA	NA	143380000	NA	NA	227012000	NA	NA	.(Acetyl)VEGAAPAAAPAK(Acetyl)QE	11560551949019496448	HCD	0	46	64	6.857858e-10	0.0019913814	6.857858e-10	697.3515625	293	1	unique	280	target	ODP2_ECOLI	276144992
IIMDQHEE	P09372	1	NA	NA	NA	0	0	0-UniMod:1	2035.78225870955	NA	2	528.737261270952	NA	997179008	NA	NA	1455399936	NA	NA	410092992	NA	NA	1131830016	NA	NA	.(Acetyl)IIMDQHEE	2670518922028239872	HCD	0	97	99	2.668273e-10	0.00076900166	2.668273e-10	528.736999511719	24	1	unique	17	target	GRPE_ECOLI	998625488
QKDQRLAQE	P0A9W3	1	NA	NA	NA	0	0	0-UniMod:1,2-UniMod:1	1115.40800924093	NA	2	600.304418428861	NA	185111008	NA	NA	130325000	NA	NA	27218100	NA	NA	173212000	NA	NA	.(Acetyl)QK(Acetyl)DQRLAQE	12623093461418151936	HCD	0	73	84	1.7895391e-09	0.0051676356	1.7895391e-09	600.304382324219	258	1	unique	250	target	ETTA_ECOLI	128966527
KLFVAVCRGE	P0ADN2	1	NA	NA	NA	0	0	0-UniMod:1,1-UniMod:1,7-UniMod:4	3218.36648686439	NA	2	631.831958779576	NA	552796032	NA	NA	656848000	NA	NA	93312096	NA	NA	582768000	NA	NA	.(Acetyl)K(Acetyl)LFVAVC(Carbamidomethyl)RGE	10256706514957402112	HCD	0	137	137	1.6763893e-12	4.8483707e-06	1.6763893e-12	631.831726074219	67	1	unique	58	target	YIFE_ECOLI	471431032
KSWGLGRIVTE	P0A8N5	0	NA	NA	NA	0	0	0-UniMod:1,1-UniMod:1	3342.11153391493	NA	2	665.361810429704	NA	1408160000	NA	NA	1549720064	NA	NA	530855008	NA	NA	1357449984	NA	NA	.(Acetyl)K(Acetyl)SWGLGRIVTE	2647494340142738432	HCD	0	123	130	2.8487488e-13	8.249373e-07	2.8487488e-13	665.361694335938	374	1	non-unique	364	target	SYK2_ECOLI	1211546264
KITTVQAAIDYINGHQA	P0A6A8	1	NA	NA	NA	0	0	0-UniMod:1,1-UniMod:1	4155.53205292124	NA	2	963.99992515542	NA	2450400000	NA	NA	3092400128	NA	NA	73432704	NA	NA	3026010112	NA	NA	.(Acetyl)K(Acetyl)ITTVQAAIDYINGHQA	903198604790738304	HCD	0	209	232	6.0030437e-18	1.746532e-11	6.0030437e-18	963.999633789062	78	1	unique	62	target	ACP_ECOLI	2160560736
TVVMGASFRNIGE	P0A870	1	NA	NA	NA	0	0	0-UniMod:1	3098.61418884934	NA	2	711.856230889506	NA	3317260032	NA	NA	3583249920	NA	NA	577753984	NA	NA	3396069888	NA	NA	.(Acetyl)TVVMGASFRNIGE	15591546472223303680	HCD	0	158	174	2.0139492e-14	5.8434438e-08	2.0139492e-14	711.85595703125	232	1	unique	220	target	TALB_ECOLI	2718583456
